# Command line:
  BATCH FILE: /home/ysxiao/race/experiments/profile-mpi 
  BINDIR: /home/ysxiao/race/dev_crace/dev-versions/dev-ins 
  EXECDIR: /home/ysxiao/race/experiments/crace-25.10/time/cats200/ins/p32n2/exp-01 
  JOBNAME: ins.cats232-01 
  MACHINE NAME: Epyc7452
  START TIME: 2025-10-16 22:23:17
#------------------------------------------------------------------------------
# Arguments: ['--exec-dir', '/home/ysxiao/race/experiments/crace-25.10/time/cats200/ins/p32n2/exp-01', '--parallel', '31', '--seed', '6289080', '--mpi', 'True', '--scenario', '/home/ysxiao/race/experiments/crace-25.10/time/cats200/scenario.txt', '--num-configurations', '62', '--bound-max-dev', '17.3']
# Reading crace options..
# Reading scenario file /home/ysxiao/race/experiments/crace-25.10/time/cats200/scenario.txt
#------------------------------------------------------------------------------
# crace: An implementation in python of a continuous Racing
# Version: dev-2510-ins
# Copyright (C) 2020
# Leslie Pérez Cáceres     <leslie.perez@pucv.cl>
# Franco Ardiles
# Jonas Kuckling
# Pablo Contreras
# Yunshuang Xiao
# Thomas Stützle
#
# This is free software, and you are welcome to redistribute it under certain
# conditions.  See the GNU General Public License for details. There is NO
# WARRANTY; not even for MERCHANTABILITY or FITNESS FOR A PARTICULAR PURPOSE.
#
# installed at: /home/ysxiao/race/dev_crace/dev-versions/dev-ins
# called with: --exec-dir /home/ysxiao/race/experiments/crace-25.10/time/cats200/ins/p32n2/exp-01 --parallel 31 --seed 6289080 --mpi True --scenario /home/ysxiao/race/experiments/crace-25.10/time/cats200/scenario.txt --num-configurations 62 --bound-max-dev 17.3
#------------------------------------------------------------------------------
# Scenario options:
#   seed: 6289080
#   debugLevel: 0
#   logLevel: 0
#   execDir: /home/ysxiao/race/experiments/crace-25.10/time/cats200/ins/p32n2/exp-01
#   scenarioFile: /home/ysxiao/race/experiments/crace-25.10/time/cats200/scenario.txt
#   parameterFile: /home/ysxiao/tuning/crace/scenario_cplex/cplex12-22parameters.txt
#   configurationsFile: /home/ysxiao/tuning/crace/scenario_cplex/cplex12-22default-noNA.txt
#   trainInstancesFile: /home/ysxiao/race/instances/mip/cats/training-cats200.txt
#   sampleInstances: True
#   testInstancesFile: /home/ysxiao/race/instances/mip/cats/testing-cats200.txt
#   testNbElites: 1
#   testType: None
#   domType: adaptive-dom
#   eachTest: 1
#   firstTest: 1
#   testExperimentSize: 0
#   confidence: 0.95
#   targetRunner: /home/ysxiao/tuning/crace/scenario_cplex/target-runner-boundMax
#   targetRunnerRetries: 3
#   maxExperiments: 100000
#   maxTime: 172800
#   digits: 4
#   parallel: 31
#   mpi: True
#   nbConfigurations: 62
#   maxNbElites: 6
#   elitist: True
#   globalModel: False
#   modelUpdateByStep: 16
#   sampleInsStrict: False
#   sampleInsFrequency: 1
#   softRestart: True
#   capping: True
#   boundMax: 300.0
#   boundDigits: 5
#   boundAsTimeout: True
#------------------------------------------------------------------------------
# Creating log with log_level 0, debug_level 0 50
# Running crace configuration procedure


# 2025-10-16 22:23:37 CEST: Slice 1 of 17
# expectSliceBugdet: 10165
# nbInitialConfigurations:  62
# Markers:
    x No test is performed.
    - The test is performed and some configurations are discarded
    . All alive configurations are elite and nothing is discarded
    c Configurations added to the race by sampling
    i Instances added to the race based on challenge from elimination test
    e Instances added to the race based on option expecetInstance
# Each task:
    Instances: the number of selected instances for current task (sampled instances)
    Alive: alive configurations in test (in crace)
    Best: best configuration in test (in crace)
+-+------------+-----------+---------------+---------------+------------+---------+---------+---------+---------+---------
| |  Instances |      Alive|           Best|      Mean best| Exp so far |  W time |  T time | E queue | C queue | Elites
+-+------------+-----------+---------------+---------------+------------+---------+---------+---------+---------+---------
|-|        1(1)|     61(61)|           1(1)|        5.11139|           2|       36|       22|       60|       60| 1
Update instances stream..
# Current instances stream: [2]
Cancel experiments of selected instance [1]: [227, 256, 258, 259, 260, 261, 262, 264, 265, 266, 267, 268, 269, 270, 271, 272, 273, 274, 275, 276, 277, 278, 279, 280, 281, 282, 283, 284, 285, 286, 287, 288, 289, 290, 291, 292, 293, 294, 295, 296, 297, 298, 299, 300, 301, 302, 303, 304, 305, 306, 307, 308, 309, 310, 311, 312, 313, 314, 315, 316, 317]
Update instances stream..
# Current instances stream: [3]
Cancel experiments of selected instance [2]: [570, 573, 574, 576, 578, 579, 580, 581, 582, 583, 584, 585, 586, 587, 588, 589, 590, 591, 592, 593, 594, 595, 596, 597, 598, 599, 600, 601, 602, 603, 604]
+-+------------+-----------+---------------+---------------+------------+---------+---------+---------+---------+---------
2025-10-16 22:39:39 CEST:  Update models 1 of 16
experimentsTestedSoFar:     726
budgetUsedSoFar:            10173
remainingBudget:            162626
nbNewConfigurations:        480 
nbNewInstances:             0 
nbEliminatedConfigurations: 255 
Elite-so-far configuration: 1                mean value: 13.23713

Description of the elite-so-far configuration 1:
 barrier_limits_growth 1e+12 barrier_algorithm 0 barrier_crossover 0 barrier_limits_corrections -1 barrier_ordering 0 barrier_startalg 1 emphasis_memory no emphasis_mip 0 emphasis_numerical no feasopt_mode 0 lpmethod 0 mip_cuts_cliques 0 mip_cuts_covers 0 mip_cuts_disjunctive 0 mip_cuts_flowcovers 0 mip_cuts_gomory 0 mip_cuts_gubcovers 0 mip_cuts_implied 0 mip_cuts_mcfcut 0 mip_cuts_mircut 0 mip_cuts_pathcut 0 mip_cuts_zerohalfcut 0 mip_limits_aggforcut 3 mip_limits_cutsfactor 4 mip_limits_cutpasses 0 mip_limits_gomorycand 200 mip_limits_gomorypass 0 mip_strategy_variableselect 0 mip_submip_nodelimit 500 mip_ordertype 0 mip_strategy_backtrack 0.9999 mip_strategy_bbinterval 7 mip_strategy_branch 0 mip_strategy_dive 0 mip_strategy_file 1 mip_strategy_fpheur 0 mip_strategy_heuristicfreq 0 mip_strategy_lbheur no mip_strategy_nodeselect 1 mip_strategy_presolvenode 0 mip_strategy_probe 0 mip_strategy_rinsheur 0 mip_strategy_search 0 mip_strategy_startalgorithm 0 mip_strategy_subalgorithm 0 network_netfind 2 network_pricing 0 simplex_perturbation_switch no preprocessing_aggregator -1 preprocessing_boundstrength -1 preprocessing_coeffreduce 2 preprocessing_dependency -1 preprocessing_dual 0 preprocessing_fill 10 preprocessing_linear 1 preprocessing_numpass -1 preprocessing_reduce 3 preprocessing_relax -1 preprocessing_repeatpresolve -1 preprocessing_symmetry -1 read_scale 0 sifting_algorithm 0 simplex_crash 1 simplex_dgradient 0 simplex_limits_perturbation 0 simplex_limits_singularity 10 simplex_pgradient 0 simplex_pricing 0 simplex_refactor 0 simplex_tolerances_markowitz 0.01


# 2025-10-16 22:39:39 CEST: Slice 2 of 17
# expectSliceBugdet: 10165
# Markers:
    x No test is performed.
    - The test is performed and some configurations are discarded
    . All alive configurations are elite and nothing is discarded
    c Configurations added to the race by sampling
    i Instances added to the race based on challenge from elimination test
    e Instances added to the race based on option expecetInstance
+-+------------+-----------+---------------+---------------+------------+---------+---------+---------+---------+---------
| |  Instances |      Alive|           Best|      Mean best| Exp so far |  W time |  T time | E queue | C queue | Elites
+-+------------+-----------+---------------+---------------+------------+---------+---------+---------+---------+---------
Update instances stream..
# Current instances stream: [4]
Cancel experiments of selected instance [3]: [824, 826, 838, 848, 853, 855, 857, 859, 861, 862, 863, 865, 867, 869, 871, 872, 873, 875, 877, 878, 879, 880, 881, 883, 884, 885, 886, 887, 888, 890, 891]
|-|        1(4)|   284(284)|       258(258)|        8.36928|         772|     1062|    10960|      283|      283| 258
|-|        1(4)|   280(280)|           1(1)|        3.89210|         777|     1069|    11052|      278|      278| 1,258
|-|        1(5)|     61(61)|           1(1)|        3.89210|        1018|     1407|    15201|      119|       60| 1
Update instances stream..
# Current instances stream: [5, 6]
Cancel experiments of selected instance [4]: [1678, 1680, 1684, 1686, 1688, 1690, 1698, 1704, 1706, 1710, 1712, 1714, 1716, 1718, 1720, 1722, 1724, 1726, 1728, 1730, 1732, 1734, 1736, 1738, 1740, 1742, 1744, 1746, 1748, 1750, 1752, 1754, 1756, 1758, 1760, 1762, 1764, 1766, 1768, 1770, 1772, 1774, 1776, 1778, 1780, 1782, 1784, 1786, 1788, 1790, 1792, 1794, 1796, 1798, 1800, 1802, 1804, 1806, 1808, 1810, 1812]
Update instances stream..
# Current instances stream: [6, 7]
Cancel experiments of selected instance [5]: [2274, 2280, 2282, 2288, 2290, 2292, 2294, 2296, 2298, 2300, 2302, 2304, 2306, 2308, 2310, 2312, 2314, 2316, 2318, 2320, 2322, 2324, 2326, 2328, 2330, 2332, 2334, 2336, 2338, 2340, 2342, 2344, 2346, 2348, 2350, 2352, 2354, 2356, 2358, 2360, 2362, 2364, 2366, 2368, 2370, 2372, 2374, 2376, 2378, 2380, 2382, 2384, 2386, 2388, 2390, 2392, 2394, 2396, 2398, 2400, 2402]
|-|        1(7)|     61(61)|     1101(1101)|        4.59698|        1674|     1944|    18897|      117|       59| 1101,1
|-|        1(7)|     61(61)|     1107(1107)|        4.26665|        1678|     1946|    18930|      116|       58| 1107,1101,1
Update instances stream..
# Current instances stream: [7, 8]
Cancel experiments of selected instance [6]: [3092, 3094, 3098, 3100, 3106, 3108, 3110, 3118, 3120, 3122, 3124, 3126, 3128, 3130, 3132, 3134, 3136, 3138, 3140, 3142, 3144, 3146, 3148, 3150, 3152, 3154, 3156, 3158, 3160, 3162, 3164, 3166, 3168, 3170, 3172, 3174, 3176, 3178, 3180, 3182, 3184, 3186, 3188, 3190, 3192, 3194, 3196, 3198, 3200, 3202, 3204, 3206, 3208, 3210, 3212, 3214, 3216, 3218, 3220]
|-|        1(8)|     61(61)|     1101(1107)|        9.56973|        1936|     2162|    20111|      117|       59| 1107,1101
|-|        1(8)|     61(61)|     1101(1107)|        9.56973|        1938|     2163|    20144|      116|       58| 1107,1101,1
+-+------------+-----------+---------------+---------------+------------+---------+---------+---------+---------+---------
2025-10-16 22:59:51 CEST:  Update models 2 of 16
experimentsTestedSoFar:     1950
budgetUsedSoFar:            20352
remainingBudget:            152447
nbNewConfigurations:        942 
nbNewInstances:             1 
nbEliminatedConfigurations: 1167 
Elite-so-far configuration: 1107             mean value: 9.56973

Description of the elite-so-far configuration 1107:
 barrier_limits_growth 1e+8 barrier_algorithm 1 barrier_crossover 1 barrier_limits_corrections -1 barrier_ordering 0 barrier_startalg 3 emphasis_memory no emphasis_mip 2 emphasis_numerical yes feasopt_mode 2 lpmethod 3 mip_cuts_cliques 2 mip_cuts_covers -1 mip_cuts_disjunctive 1 mip_cuts_flowcovers 0 mip_cuts_gomory 1 mip_cuts_gubcovers 0 mip_cuts_implied 0 mip_cuts_mcfcut -1 mip_cuts_mircut 2 mip_cuts_pathcut -1 mip_cuts_zerohalfcut 1 mip_limits_aggforcut 2 mip_limits_cutsfactor 4 mip_limits_cutpasses 4 mip_limits_gomorycand 800 mip_limits_gomorypass 16 mip_strategy_variableselect 4 mip_submip_nodelimit 2000 mip_ordertype 1 mip_strategy_backtrack 0.99999 mip_strategy_bbinterval 0 mip_strategy_branch -1 mip_strategy_dive 1 mip_strategy_file 1 mip_strategy_fpheur -1 mip_strategy_heuristicfreq 80 mip_strategy_lbheur yes mip_strategy_nodeselect 1 mip_strategy_order no mip_strategy_presolvenode 2 mip_strategy_probe 0 mip_strategy_rinsheur -1 mip_strategy_search 2 mip_strategy_startalgorithm 6 mip_strategy_subalgorithm 0 network_netfind 1 network_pricing 2 simplex_perturbation_switch no preprocessing_aggregator -1 preprocessing_boundstrength -1 preprocessing_coeffreduce 0 preprocessing_dependency -1 preprocessing_dual -1 preprocessing_fill 10 preprocessing_linear 1 preprocessing_numpass 0 preprocessing_reduce 0 preprocessing_relax -1 preprocessing_repeatpresolve 3 preprocessing_symmetry -1 read_scale 1 sifting_algorithm 2 simplex_crash -1 simplex_dgradient 0 simplex_limits_perturbation 64 simplex_limits_singularity 5 simplex_pgradient 3 simplex_pricing 16 simplex_refactor 16 simplex_tolerances_markowitz 0.0001


# 2025-10-16 22:59:51 CEST: Slice 3 of 17
# expectSliceBugdet: 10164
# Markers:
    x No test is performed.
    - The test is performed and some configurations are discarded
    . All alive configurations are elite and nothing is discarded
    c Configurations added to the race by sampling
    i Instances added to the race based on challenge from elimination test
    e Instances added to the race based on option expecetInstance
+-+------------+-----------+---------------+---------------+------------+---------+---------+---------+---------+---------
| |  Instances |      Alive|           Best|      Mean best| Exp so far |  W time |  T time | E queue | C queue | Elites
+-+------------+-----------+---------------+---------------+------------+---------+---------+---------+---------+---------
|-|        1(8)|     61(61)|     1101(1107)|        9.56973|        1950|     2173|    20352|      116|       58| 1107,1101,1
|-|        1(8)|     61(61)|     1532(1532)|       15.78630|        2070|     2336|    22416|      114|       57| 1532,1107,1101,1
Update instances stream..
# Current instances stream: [8, 9]
Cancel experiments of selected instance [7]: [3936, 3938, 3942, 3944, 3946, 3948, 3952, 3954, 3958, 3960, 3962, 3964, 3966, 3968, 3970, 3972, 3974, 3976, 3978, 3980, 3982, 3984, 3986, 3988, 3990, 3992, 3994, 3996, 3998, 4000, 4002, 4004, 4006, 4008, 4010, 4012, 4014, 4016, 4018, 4020, 4022, 4024, 4026, 4028, 4030, 4032, 4034, 4036, 4038, 4040, 4042, 4044, 4046, 4048, 4050, 4052, 4054]
|-|        1(9)|     61(61)|     1805(1805)|        6.75174|        2351|     2735|    26881|      112|       56| 1805,1532,1107,1101,1
|-|        1(9)|     61(61)|     2038(2038)|        6.25677|        2594|     2945|    28895|      110|       55| 2038,1805,1532,1107,1101,1
+-+------------+-----------+---------------+---------------+------------+---------+---------+---------+---------+---------
2025-10-16 23:16:01 CEST:  Update models 3 of 16
experimentsTestedSoFar:     2849
budgetUsedSoFar:            30518
remainingBudget:            142281
nbNewConfigurations:        888 
nbNewInstances:             0 
nbEliminatedConfigurations: 888 
Elite-so-far configuration: 2038             mean value: 6.25677

Description of the elite-so-far configuration 2038:
 barrier_limits_growth 1e+10 barrier_algorithm 3 barrier_crossover 2 barrier_limits_corrections 0 barrier_ordering 0 barrier_startalg 1 emphasis_memory no emphasis_mip 1 emphasis_numerical no feasopt_mode 1 lpmethod 5 mip_cuts_cliques 3 mip_cuts_covers 0 mip_cuts_disjunctive 1 mip_cuts_flowcovers 1 mip_cuts_gomory -1 mip_cuts_gubcovers 0 mip_cuts_implied 2 mip_cuts_mcfcut -1 mip_cuts_mircut -1 mip_cuts_pathcut 1 mip_cuts_zerohalfcut 1 mip_limits_aggforcut 0 mip_limits_cutsfactor 2 mip_limits_cutpasses 1 mip_limits_gomorycand 50 mip_limits_gomorypass 1 mip_strategy_variableselect 0 mip_submip_nodelimit 1000 mip_ordertype 2 mip_strategy_backtrack 0.9 mip_strategy_bbinterval 7 mip_strategy_branch 1 mip_strategy_dive 1 mip_strategy_file 0 mip_strategy_fpheur -1 mip_strategy_heuristicfreq 0 mip_strategy_lbheur no mip_strategy_nodeselect 0 mip_strategy_order yes mip_strategy_presolvenode 0 mip_strategy_probe 0 mip_strategy_rinsheur 80 mip_strategy_search 0 mip_strategy_startalgorithm 0 mip_strategy_subalgorithm 0 network_netfind 1 network_pricing 0 simplex_perturbation_switch no preprocessing_aggregator 64 preprocessing_boundstrength -1 preprocessing_coeffreduce 1 preprocessing_dependency 1 preprocessing_dual -1 preprocessing_fill 5 preprocessing_linear 0 preprocessing_numpass 4 preprocessing_reduce 3 preprocessing_relax 1 preprocessing_repeatpresolve 2 preprocessing_symmetry -1 read_scale 0 sifting_algorithm 1 simplex_crash 1 simplex_dgradient 3 simplex_limits_perturbation 64 simplex_limits_singularity 2 simplex_pgradient 0 simplex_pricing 4 simplex_refactor 256 simplex_tolerances_markowitz 0.0001


# 2025-10-16 23:16:01 CEST: Slice 4 of 17
# expectSliceBugdet: 10163
# Markers:
    x No test is performed.
    - The test is performed and some configurations are discarded
    . All alive configurations are elite and nothing is discarded
    c Configurations added to the race by sampling
    i Instances added to the race based on challenge from elimination test
    e Instances added to the race based on option expecetInstance
+-+------------+-----------+---------------+---------------+------------+---------+---------+---------+---------+---------
| |  Instances |      Alive|           Best|      Mean best| Exp so far |  W time |  T time | E queue | C queue | Elites
+-+------------+-----------+---------------+---------------+------------+---------+---------+---------+---------+---------
|-|        1(9)|     61(61)|     2038(2038)|        6.25677|        2849|     3143|    30518|      110|       55| 2038,1805,1532,1107,1101,1
Update instances stream..
# Current instances stream: [9, 10]
Cancel experiments of selected instance [8]: [5010, 5034, 5036, 5040, 5042, 5044, 5048, 5052, 5054, 5056, 5058, 5060, 5062, 5064, 5066, 5068, 5070, 5072, 5074, 5076, 5078, 5080, 5082, 5084, 5086, 5088, 5090, 5092, 5094, 5096, 5098, 5100, 5102, 5104, 5106, 5108, 5110, 5112, 5114, 5116, 5118, 5120, 5122, 5124, 5126, 5128, 5130, 5132, 5134, 5136, 5138, 5140, 5142, 5144, 5146, 5148]
|-|       1(10)|     61(61)|     2038(2038)|        1.84764|        2850|     3167|    30526|      116|       61| 2038,1,1805,1532,1107,1101
|-|       1(10)|     61(61)|        1532(1)|        9.82910|        2852|     3172|    30542|      115|       60| 1
|-|       1(10)|     61(61)|           1(1)|        2.57977|        2854|     3173|    30557|      114|       59| 1,1532
|-|       1(10)|     61(61)|        2038(1)|        9.74479|        2857|     3174|    30583|      113|       58| 1,1532,2038
|-|       1(10)|     61(61)|        2038(1)|        9.74479|        2862|     3177|    30626|      112|       57| 1,1532,2038,1805
|-|       1(10)|     61(61)|        2038(1)|        9.74479|        2867|     3182|    30674|      111|       56| 1,1532,2038,1805,1107
|-|       1(10)|     61(61)|        2038(1)|        9.74479|        2871|     3186|    30716|      110|       55| 1,1532,2038,1805,1107,1101
Update instances stream..
# Current instances stream: [10, 11]
Cancel experiments of selected instance [9]: [5616, 5628, 5632, 5638, 5640, 5644, 5646, 5650, 5654, 5656, 5658, 5660, 5662, 5664, 5666, 5670, 5672, 5674, 5676, 5678, 5680, 5682, 5684, 5686, 5688, 5690, 5692, 5694, 5696, 5698, 5700, 5702, 5704, 5706, 5708, 5710, 5712, 5714, 5716, 5718, 5720, 5722, 5724, 5726, 5728, 5730, 5732, 5734, 5736, 5738, 5740, 5742, 5744, 5746, 5748, 5750]
|-|       1(11)|     61(61)|        1532(1)|        9.28245|        3128|     3376|    31725|      114|       59| 1,1532
|-|       1(11)|     61(61)|        1532(1)|        9.28245|        3133|     3382|    31779|      112|       57| 1,1532,1805,1101
|-|       1(11)|     61(61)|           1(1)|        4.65908|        3136|     3385|    31815|      111|       56| 1,1532,2038,1805,1101
|-|       1(11)|     61(61)|        1532(1)|        9.28245|        3143|     3390|    31899|      110|       55| 1,1532,2038,1805,1101,1107
Update instances stream..
# Current instances stream: [11, 12]
Cancel experiments of selected instance [10]: [6238, 6244, 6246, 6252, 6254, 6256, 6260, 6262, 6264, 6268, 6270, 6272, 6274, 6276, 6278, 6280, 6282, 6284, 6288, 6290, 6292, 6294, 6296, 6298, 6300, 6302, 6304, 6306, 6308, 6310, 6312, 6314, 6316, 6318, 6320, 6322, 6324, 6326, 6328, 6330, 6332, 6334, 6336, 6338, 6340, 6342, 6344, 6346, 6348, 6350, 6352, 6354, 6356, 6358, 6360, 6362]
|-|       1(12)|     61(61)|           1(1)|        4.65908|        3408|     3670|    34471|      115|       60| 1
|-|       1(12)|     61(61)|           1(1)|        4.65908|        3410|     3672|    34502|      114|       59| 1,1101
|-|       1(12)|     61(61)|           1(1)|        4.65908|        3412|     3676|    34524|      113|       58| 1,1532,1101
|-|       1(12)|     61(61)|           1(1)|        4.65908|        3414|     3679|    34548|      112|       57| 1,1532,2038,1101
+-+------------+-----------+---------------+---------------+------------+---------+---------+---------+---------+---------
| |  Instances |      Alive|           Best|      Mean best| Exp so far |  W time |  T time | E queue | C queue | Elites
+-+------------+-----------+---------------+---------------+------------+---------+---------+---------+---------+---------
|-|       1(12)|     61(61)|           1(1)|        6.64799|        3417|     3682|    34593|      111|       56| 1,1532,2038,1805,1101
|-|       1(12)|     61(61)|           1(1)|        4.65908|        3421|     3685|    34675|      110|       55| 1,1532,2038,1805,1101,1107
Update instances stream..
# Current instances stream: [12, 13]
Cancel experiments of selected instance [11]: [6852, 6854, 6856, 6858, 6862, 6864, 6866, 6868, 6870, 6872, 6874, 6876, 6878, 6880, 6882, 6884, 6886, 6888, 6890, 6892, 6894, 6896, 6898, 6900, 6902, 6904, 6906, 6908, 6910, 6912, 6914, 6916, 6918, 6920, 6922, 6924, 6926, 6928, 6930, 6932, 6934, 6936, 6938, 6940, 6942, 6944, 6946, 6948, 6950, 6952, 6954, 6956, 6958, 6960, 6962, 6964]
|-|       1(13)|     61(61)|           1(1)|        6.64799|        3684|     3919|    36353|      115|       60| 1
|-|       1(13)|     61(61)|           1(1)|        6.64799|        3692|     3924|    36440|      114|       59| 1,1532
|-|       1(13)|     61(61)|           1(1)|        6.64799|        3694|     3926|    36460|      113|       58| 1,1532,2038
|-|       1(13)|     61(61)|           1(1)|        6.64799|        3698|     3927|    36503|      112|       57| 1,1532,2038,1805
|-|       1(13)|     61(61)|           1(1)|        6.64799|        3707|     3932|    36631|      110|       55| 1,1532,2038,1805,1101,1107
Update instances stream..
# Current instances stream: [13, 14]
Cancel experiments of selected instance [12]: [7430, 7444, 7446, 7452, 7458, 7462, 7464, 7466, 7468, 7470, 7472, 7474, 7476, 7478, 7480, 7482, 7484, 7486, 7488, 7492, 7494, 7496, 7498, 7500, 7502, 7504, 7506, 7508, 7510, 7512, 7514, 7516, 7518, 7520, 7522, 7524, 7526, 7528, 7530, 7532, 7534, 7536, 7538, 7540, 7542, 7544, 7546, 7548, 7550, 7552, 7554, 7556, 7558, 7560, 7562, 7564]
|-|       1(14)|     61(61)|           1(1)|        5.80563|        3958|     4176|    38546|      116|       61| 1,1532,1805,2038,1101,1107
|-|       1(14)|     61(61)|           1(1)|        5.80563|        3967|     4189|    38663|      115|       61| 1,1532,1805,2038,1101,3398
|-|       1(14)|     61(61)|        1805(1)|        8.81235|        3969|     4191|    38693|      114|       60| 1
|-|       1(14)|     61(61)|           1(1)|        5.80563|        3985|     4201|    38911|      110|       56| 1,1532,1805,1101,1107
|-|       1(14)|     61(61)|           1(1)|        5.80563|        3987|     4205|    38941|      109|       55| 1,1532,1805,2038,1101,1107
|-|       1(15)|     61(61)|        1101(1)|        9.41861|        4038|     4262|    39520|      164|       60| 1
|-|       2(15)|     61(61)|     1532(1532)|       12.56316|        4042|     4265|    39573|      163|       58| 1532,1101,1107
|-|       1(15)|     61(61)|     1532(1532)|        7.82631|        4045|     4270|    39613|      161|       57| 1532,2038,1101,1107
|-|       3(15)|     61(61)|           1(1)|       13.46854|        4048|     4274|    39654|      162|       57| 1,1532,2038,1107
+-+------------+-----------+---------------+---------------+------------+---------+---------+---------+---------+---------
| |  Instances |      Alive|           Best|      Mean best| Exp so far |  W time |  T time | E queue | C queue | Elites
+-+------------+-----------+---------------+---------------+------------+---------+---------+---------+---------+---------
|-|       1(16)|     61(61)|           1(1)|        5.80563|        4055|     4279|    39735|      221|       61| 1,1532,1805,2038,1107
|-|       1(16)|     61(61)|     1532(1532)|        7.82631|        4080|     4302|    39967|      211|       59| 1532,1107
|-|       1(16)|     61(61)|     1532(1805)|       10.67949|        4084|     4304|    40015|      208|       58| 1805,1532,1107
|-|       1(16)|     61(61)|     1532(1805)|       10.67949|        4088|     4307|    40041|      207|       57| 1805,2038,1532,1107
|-|       2(17)|     61(61)|     2038(1107)|       12.75045|        4118|     4338|    40285|      283|       60| 1107
|-|       5(17)|     61(61)|     2038(2038)|       11.29908|        4131|     4344|    40455|      289|       58| 2038,1532,1805
+-+------------+-----------+---------------+---------------+------------+---------+---------+---------+---------+---------
2025-10-16 23:36:29 CEST:  Update models 4 of 16
experimentsTestedSoFar:     4153
budgetUsedSoFar:            40681
remainingBudget:            132118
nbNewConfigurations:        1239 
nbNewInstances:             4 
nbEliminatedConfigurations: 1239 
Elite-so-far configuration: 2038             mean value: 9.07211

Description of the elite-so-far configuration 2038:
 barrier_limits_growth 1e+10 barrier_algorithm 3 barrier_crossover 2 barrier_limits_corrections 0 barrier_ordering 0 barrier_startalg 1 emphasis_memory no emphasis_mip 1 emphasis_numerical no feasopt_mode 1 lpmethod 5 mip_cuts_cliques 3 mip_cuts_covers 0 mip_cuts_disjunctive 1 mip_cuts_flowcovers 1 mip_cuts_gomory -1 mip_cuts_gubcovers 0 mip_cuts_implied 2 mip_cuts_mcfcut -1 mip_cuts_mircut -1 mip_cuts_pathcut 1 mip_cuts_zerohalfcut 1 mip_limits_aggforcut 0 mip_limits_cutsfactor 2 mip_limits_cutpasses 1 mip_limits_gomorycand 50 mip_limits_gomorypass 1 mip_strategy_variableselect 0 mip_submip_nodelimit 1000 mip_ordertype 2 mip_strategy_backtrack 0.9 mip_strategy_bbinterval 7 mip_strategy_branch 1 mip_strategy_dive 1 mip_strategy_file 0 mip_strategy_fpheur -1 mip_strategy_heuristicfreq 0 mip_strategy_lbheur no mip_strategy_nodeselect 0 mip_strategy_order yes mip_strategy_presolvenode 0 mip_strategy_probe 0 mip_strategy_rinsheur 80 mip_strategy_search 0 mip_strategy_startalgorithm 0 mip_strategy_subalgorithm 0 network_netfind 1 network_pricing 0 simplex_perturbation_switch no preprocessing_aggregator 64 preprocessing_boundstrength -1 preprocessing_coeffreduce 1 preprocessing_dependency 1 preprocessing_dual -1 preprocessing_fill 5 preprocessing_linear 0 preprocessing_numpass 4 preprocessing_reduce 3 preprocessing_relax 1 preprocessing_repeatpresolve 2 preprocessing_symmetry -1 read_scale 0 sifting_algorithm 1 simplex_crash 1 simplex_dgradient 3 simplex_limits_perturbation 64 simplex_limits_singularity 2 simplex_pgradient 0 simplex_pricing 4 simplex_refactor 256 simplex_tolerances_markowitz 0.0001


# 2025-10-16 23:36:29 CEST: Slice 5 of 17
# expectSliceBugdet: 10163
# Markers:
    x No test is performed.
    - The test is performed and some configurations are discarded
    . All alive configurations are elite and nothing is discarded
    c Configurations added to the race by sampling
    i Instances added to the race based on challenge from elimination test
    e Instances added to the race based on option expecetInstance
+-+------------+-----------+---------------+---------------+------------+---------+---------+---------+---------+---------
| |  Instances |      Alive|           Best|      Mean best| Exp so far |  W time |  T time | E queue | C queue | Elites
+-+------------+-----------+---------------+---------------+------------+---------+---------+---------+---------+---------
|-|       1(18)|     61(61)|     1532(2038)|        9.07211|        4153|     4372|    40681|      350|       61| 2038,1532,1805
|-|       1(18)|     61(61)|     2038(2038)|        6.12958|        4163|     4384|    40836|      347|       59| 2038,1805
|-|       7(19)|     61(61)|     2038(2038)|       11.76174|        4192|     4417|    41245|      407|       60| 2038
|-|       1(19)|     61(61)|     3557(3557)|        7.22547|        4291|     4519|    42340|      413|       59| 3557,2038
Update instances stream..
# Current instances stream: [14, 15, 16, 17, 18, 19, 20]
Cancel experiments of selected instance [13]: [10695, 10702, 10716, 10723, 10730, 10737, 10744, 10751, 10758, 10765, 10772, 10779, 10786, 10793, 10800, 10807, 10814, 10821, 10828, 10835, 10842, 10849, 10856, 10863, 10870, 10877, 10884, 10891, 10898, 10905, 10912, 10919, 10926, 10933, 10940, 10947, 10954, 10961, 10968, 10975, 10982, 10989, 10996, 11003, 11010, 11017, 11024, 11031, 11038, 11045, 11052, 11059, 11066, 11073, 11080, 11087, 11094, 11101, 11108, 11115]
+-+------------+-----------+---------------+---------------+------------+---------+---------+---------+---------+---------
2025-10-16 23:52:11 CEST:  Update models 5 of 16
experimentsTestedSoFar:     4927
budgetUsedSoFar:            50861
remainingBudget:            121938
nbNewConfigurations:        484 
nbNewInstances:             1 
nbEliminatedConfigurations: 484 
Elite-so-far configuration: 2038             mean value: 10.29676

Description of the elite-so-far configuration 2038:
 barrier_limits_growth 1e+10 barrier_algorithm 3 barrier_crossover 2 barrier_limits_corrections 0 barrier_ordering 0 barrier_startalg 1 emphasis_memory no emphasis_mip 1 emphasis_numerical no feasopt_mode 1 lpmethod 5 mip_cuts_cliques 3 mip_cuts_covers 0 mip_cuts_disjunctive 1 mip_cuts_flowcovers 1 mip_cuts_gomory -1 mip_cuts_gubcovers 0 mip_cuts_implied 2 mip_cuts_mcfcut -1 mip_cuts_mircut -1 mip_cuts_pathcut 1 mip_cuts_zerohalfcut 1 mip_limits_aggforcut 0 mip_limits_cutsfactor 2 mip_limits_cutpasses 1 mip_limits_gomorycand 50 mip_limits_gomorypass 1 mip_strategy_variableselect 0 mip_submip_nodelimit 1000 mip_ordertype 2 mip_strategy_backtrack 0.9 mip_strategy_bbinterval 7 mip_strategy_branch 1 mip_strategy_dive 1 mip_strategy_file 0 mip_strategy_fpheur -1 mip_strategy_heuristicfreq 0 mip_strategy_lbheur no mip_strategy_nodeselect 0 mip_strategy_order yes mip_strategy_presolvenode 0 mip_strategy_probe 0 mip_strategy_rinsheur 80 mip_strategy_search 0 mip_strategy_startalgorithm 0 mip_strategy_subalgorithm 0 network_netfind 1 network_pricing 0 simplex_perturbation_switch no preprocessing_aggregator 64 preprocessing_boundstrength -1 preprocessing_coeffreduce 1 preprocessing_dependency 1 preprocessing_dual -1 preprocessing_fill 5 preprocessing_linear 0 preprocessing_numpass 4 preprocessing_reduce 3 preprocessing_relax 1 preprocessing_repeatpresolve 2 preprocessing_symmetry -1 read_scale 0 sifting_algorithm 1 simplex_crash 1 simplex_dgradient 3 simplex_limits_perturbation 64 simplex_limits_singularity 2 simplex_pgradient 0 simplex_pricing 4 simplex_refactor 256 simplex_tolerances_markowitz 0.0001


# 2025-10-16 23:52:11 CEST: Slice 6 of 17
# expectSliceBugdet: 10162
# Markers:
    x No test is performed.
    - The test is performed and some configurations are discarded
    . All alive configurations are elite and nothing is discarded
    c Configurations added to the race by sampling
    i Instances added to the race based on challenge from elimination test
    e Instances added to the race based on option expecetInstance
+-+------------+-----------+---------------+---------------+------------+---------+---------+---------+---------+---------
| |  Instances |      Alive|           Best|      Mean best| Exp so far |  W time |  T time | E queue | C queue | Elites
+-+------------+-----------+---------------+---------------+------------+---------+---------+---------+---------+---------
|-|       3(20)|     61(61)|     3557(3557)|       13.73142|        4927|     5314|    50861|      389|       59| 3557,2038
|-|       3(20)|     60(60)|     4087(4087)|       13.55147|        5176|     5652|    55110|      367|       57| 4087,3557,2038
+-+------------+-----------+---------------+---------------+------------+---------+---------+---------+---------+---------
2025-10-17 00:05:19 CEST:  Update models 6 of 16
experimentsTestedSoFar:     5526
budgetUsedSoFar:            61032
remainingBudget:            111767
nbNewConfigurations:        195 
nbNewInstances:             0 
nbEliminatedConfigurations: 195 
Elite-so-far configuration: 2038             mean value: 10.29676

Description of the elite-so-far configuration 2038:
 barrier_limits_growth 1e+10 barrier_algorithm 3 barrier_crossover 2 barrier_limits_corrections 0 barrier_ordering 0 barrier_startalg 1 emphasis_memory no emphasis_mip 1 emphasis_numerical no feasopt_mode 1 lpmethod 5 mip_cuts_cliques 3 mip_cuts_covers 0 mip_cuts_disjunctive 1 mip_cuts_flowcovers 1 mip_cuts_gomory -1 mip_cuts_gubcovers 0 mip_cuts_implied 2 mip_cuts_mcfcut -1 mip_cuts_mircut -1 mip_cuts_pathcut 1 mip_cuts_zerohalfcut 1 mip_limits_aggforcut 0 mip_limits_cutsfactor 2 mip_limits_cutpasses 1 mip_limits_gomorycand 50 mip_limits_gomorypass 1 mip_strategy_variableselect 0 mip_submip_nodelimit 1000 mip_ordertype 2 mip_strategy_backtrack 0.9 mip_strategy_bbinterval 7 mip_strategy_branch 1 mip_strategy_dive 1 mip_strategy_file 0 mip_strategy_fpheur -1 mip_strategy_heuristicfreq 0 mip_strategy_lbheur no mip_strategy_nodeselect 0 mip_strategy_order yes mip_strategy_presolvenode 0 mip_strategy_probe 0 mip_strategy_rinsheur 80 mip_strategy_search 0 mip_strategy_startalgorithm 0 mip_strategy_subalgorithm 0 network_netfind 1 network_pricing 0 simplex_perturbation_switch no preprocessing_aggregator 64 preprocessing_boundstrength -1 preprocessing_coeffreduce 1 preprocessing_dependency 1 preprocessing_dual -1 preprocessing_fill 5 preprocessing_linear 0 preprocessing_numpass 4 preprocessing_reduce 3 preprocessing_relax 1 preprocessing_repeatpresolve 2 preprocessing_symmetry -1 read_scale 0 sifting_algorithm 1 simplex_crash 1 simplex_dgradient 3 simplex_limits_perturbation 64 simplex_limits_singularity 2 simplex_pgradient 0 simplex_pricing 4 simplex_refactor 256 simplex_tolerances_markowitz 0.0001


# 2025-10-17 00:05:19 CEST: Slice 7 of 17
# expectSliceBugdet: 10161
# Markers:
    x No test is performed.
    - The test is performed and some configurations are discarded
    . All alive configurations are elite and nothing is discarded
    c Configurations added to the race by sampling
    i Instances added to the race based on challenge from elimination test
    e Instances added to the race based on option expecetInstance
+-+------------+-----------+---------------+---------------+------------+---------+---------+---------+---------+---------
| |  Instances |      Alive|           Best|      Mean best| Exp so far |  W time |  T time | E queue | C queue | Elites
+-+------------+-----------+---------------+---------------+------------+---------+---------+---------+---------+---------
|-|       3(20)|     61(61)|     4087(4087)|       13.55147|        5528|     6103|    61075|      373|       58| 4087,3557,2038
+-+------------+-----------+---------------+---------------+------------+---------+---------+---------+---------+---------
2025-10-17 00:18:51 CEST:  Update models 7 of 16
experimentsTestedSoFar:     6126
budgetUsedSoFar:            71206
remainingBudget:            101593
nbNewConfigurations:        201 
nbNewInstances:             0 
nbEliminatedConfigurations: 201 
Elite-so-far configuration: 2038             mean value: 10.29676

Description of the elite-so-far configuration 2038:
 barrier_limits_growth 1e+10 barrier_algorithm 3 barrier_crossover 2 barrier_limits_corrections 0 barrier_ordering 0 barrier_startalg 1 emphasis_memory no emphasis_mip 1 emphasis_numerical no feasopt_mode 1 lpmethod 5 mip_cuts_cliques 3 mip_cuts_covers 0 mip_cuts_disjunctive 1 mip_cuts_flowcovers 1 mip_cuts_gomory -1 mip_cuts_gubcovers 0 mip_cuts_implied 2 mip_cuts_mcfcut -1 mip_cuts_mircut -1 mip_cuts_pathcut 1 mip_cuts_zerohalfcut 1 mip_limits_aggforcut 0 mip_limits_cutsfactor 2 mip_limits_cutpasses 1 mip_limits_gomorycand 50 mip_limits_gomorypass 1 mip_strategy_variableselect 0 mip_submip_nodelimit 1000 mip_ordertype 2 mip_strategy_backtrack 0.9 mip_strategy_bbinterval 7 mip_strategy_branch 1 mip_strategy_dive 1 mip_strategy_file 0 mip_strategy_fpheur -1 mip_strategy_heuristicfreq 0 mip_strategy_lbheur no mip_strategy_nodeselect 0 mip_strategy_order yes mip_strategy_presolvenode 0 mip_strategy_probe 0 mip_strategy_rinsheur 80 mip_strategy_search 0 mip_strategy_startalgorithm 0 mip_strategy_subalgorithm 0 network_netfind 1 network_pricing 0 simplex_perturbation_switch no preprocessing_aggregator 64 preprocessing_boundstrength -1 preprocessing_coeffreduce 1 preprocessing_dependency 1 preprocessing_dual -1 preprocessing_fill 5 preprocessing_linear 0 preprocessing_numpass 4 preprocessing_reduce 3 preprocessing_relax 1 preprocessing_repeatpresolve 2 preprocessing_symmetry -1 read_scale 0 sifting_algorithm 1 simplex_crash 1 simplex_dgradient 3 simplex_limits_perturbation 64 simplex_limits_singularity 2 simplex_pgradient 0 simplex_pricing 4 simplex_refactor 256 simplex_tolerances_markowitz 0.0001


# 2025-10-17 00:18:51 CEST: Slice 8 of 17
# expectSliceBugdet: 10160
# Markers:
    x No test is performed.
    - The test is performed and some configurations are discarded
    . All alive configurations are elite and nothing is discarded
    c Configurations added to the race by sampling
    i Instances added to the race based on challenge from elimination test
    e Instances added to the race based on option expecetInstance
+-+------------+-----------+---------------+---------------+------------+---------+---------+---------+---------+---------
| |  Instances |      Alive|           Best|      Mean best| Exp so far |  W time |  T time | E queue | C queue | Elites
+-+------------+-----------+---------------+---------------+------------+---------+---------+---------+---------+---------
|-|       3(20)|     61(61)|     4087(4087)|       13.55147|        6127|     6915|    71223|      379|       58| 4087,3557,2038
+-+------------+-----------+---------------+---------------+------------+---------+---------+---------+---------+---------
2025-10-17 00:32:49 CEST:  Update models 8 of 16
experimentsTestedSoFar:     6739
budgetUsedSoFar:            81379
remainingBudget:            91420
nbNewConfigurations:        202 
nbNewInstances:             0 
nbEliminatedConfigurations: 202 
Elite-so-far configuration: 2038             mean value: 10.29676

Description of the elite-so-far configuration 2038:
 barrier_limits_growth 1e+10 barrier_algorithm 3 barrier_crossover 2 barrier_limits_corrections 0 barrier_ordering 0 barrier_startalg 1 emphasis_memory no emphasis_mip 1 emphasis_numerical no feasopt_mode 1 lpmethod 5 mip_cuts_cliques 3 mip_cuts_covers 0 mip_cuts_disjunctive 1 mip_cuts_flowcovers 1 mip_cuts_gomory -1 mip_cuts_gubcovers 0 mip_cuts_implied 2 mip_cuts_mcfcut -1 mip_cuts_mircut -1 mip_cuts_pathcut 1 mip_cuts_zerohalfcut 1 mip_limits_aggforcut 0 mip_limits_cutsfactor 2 mip_limits_cutpasses 1 mip_limits_gomorycand 50 mip_limits_gomorypass 1 mip_strategy_variableselect 0 mip_submip_nodelimit 1000 mip_ordertype 2 mip_strategy_backtrack 0.9 mip_strategy_bbinterval 7 mip_strategy_branch 1 mip_strategy_dive 1 mip_strategy_file 0 mip_strategy_fpheur -1 mip_strategy_heuristicfreq 0 mip_strategy_lbheur no mip_strategy_nodeselect 0 mip_strategy_order yes mip_strategy_presolvenode 0 mip_strategy_probe 0 mip_strategy_rinsheur 80 mip_strategy_search 0 mip_strategy_startalgorithm 0 mip_strategy_subalgorithm 0 network_netfind 1 network_pricing 0 simplex_perturbation_switch no preprocessing_aggregator 64 preprocessing_boundstrength -1 preprocessing_coeffreduce 1 preprocessing_dependency 1 preprocessing_dual -1 preprocessing_fill 5 preprocessing_linear 0 preprocessing_numpass 4 preprocessing_reduce 3 preprocessing_relax 1 preprocessing_repeatpresolve 2 preprocessing_symmetry -1 read_scale 0 sifting_algorithm 1 simplex_crash 1 simplex_dgradient 3 simplex_limits_perturbation 64 simplex_limits_singularity 2 simplex_pgradient 0 simplex_pricing 4 simplex_refactor 256 simplex_tolerances_markowitz 0.0001


# 2025-10-17 00:32:49 CEST: Slice 9 of 17
# expectSliceBugdet: 10158
# Markers:
    x No test is performed.
    - The test is performed and some configurations are discarded
    . All alive configurations are elite and nothing is discarded
    c Configurations added to the race by sampling
    i Instances added to the race based on challenge from elimination test
    e Instances added to the race based on option expecetInstance
+-+------------+-----------+---------------+---------------+------------+---------+---------+---------+---------+---------
| |  Instances |      Alive|           Best|      Mean best| Exp so far |  W time |  T time | E queue | C queue | Elites
+-+------------+-----------+---------------+---------------+------------+---------+---------+---------+---------+---------
|-|       3(20)|     61(61)|     4087(4087)|       13.55147|        6739|     7752|    81379|      373|       58| 4087,3557,2038
+-+------------+-----------+---------------+---------------+------------+---------+---------+---------+---------+---------
2025-10-17 00:46:17 CEST:  Update models 9 of 16
experimentsTestedSoFar:     7346
budgetUsedSoFar:            91542
remainingBudget:            81257
nbNewConfigurations:        202 
nbNewInstances:             0 
nbEliminatedConfigurations: 202 
Elite-so-far configuration: 2038             mean value: 10.29676

Description of the elite-so-far configuration 2038:
 barrier_limits_growth 1e+10 barrier_algorithm 3 barrier_crossover 2 barrier_limits_corrections 0 barrier_ordering 0 barrier_startalg 1 emphasis_memory no emphasis_mip 1 emphasis_numerical no feasopt_mode 1 lpmethod 5 mip_cuts_cliques 3 mip_cuts_covers 0 mip_cuts_disjunctive 1 mip_cuts_flowcovers 1 mip_cuts_gomory -1 mip_cuts_gubcovers 0 mip_cuts_implied 2 mip_cuts_mcfcut -1 mip_cuts_mircut -1 mip_cuts_pathcut 1 mip_cuts_zerohalfcut 1 mip_limits_aggforcut 0 mip_limits_cutsfactor 2 mip_limits_cutpasses 1 mip_limits_gomorycand 50 mip_limits_gomorypass 1 mip_strategy_variableselect 0 mip_submip_nodelimit 1000 mip_ordertype 2 mip_strategy_backtrack 0.9 mip_strategy_bbinterval 7 mip_strategy_branch 1 mip_strategy_dive 1 mip_strategy_file 0 mip_strategy_fpheur -1 mip_strategy_heuristicfreq 0 mip_strategy_lbheur no mip_strategy_nodeselect 0 mip_strategy_order yes mip_strategy_presolvenode 0 mip_strategy_probe 0 mip_strategy_rinsheur 80 mip_strategy_search 0 mip_strategy_startalgorithm 0 mip_strategy_subalgorithm 0 network_netfind 1 network_pricing 0 simplex_perturbation_switch no preprocessing_aggregator 64 preprocessing_boundstrength -1 preprocessing_coeffreduce 1 preprocessing_dependency 1 preprocessing_dual -1 preprocessing_fill 5 preprocessing_linear 0 preprocessing_numpass 4 preprocessing_reduce 3 preprocessing_relax 1 preprocessing_repeatpresolve 2 preprocessing_symmetry -1 read_scale 0 sifting_algorithm 1 simplex_crash 1 simplex_dgradient 3 simplex_limits_perturbation 64 simplex_limits_singularity 2 simplex_pgradient 0 simplex_pricing 4 simplex_refactor 256 simplex_tolerances_markowitz 0.0001


# 2025-10-17 00:46:17 CEST: Slice 10 of 17
# expectSliceBugdet: 10158
# Markers:
    x No test is performed.
    - The test is performed and some configurations are discarded
    . All alive configurations are elite and nothing is discarded
    c Configurations added to the race by sampling
    i Instances added to the race based on challenge from elimination test
    e Instances added to the race based on option expecetInstance
+-+------------+-----------+---------------+---------------+------------+---------+---------+---------+---------+---------
| |  Instances |      Alive|           Best|      Mean best| Exp so far |  W time |  T time | E queue | C queue | Elites
+-+------------+-----------+---------------+---------------+------------+---------+---------+---------+---------+---------
|-|       3(20)|     61(61)|     4087(4087)|       13.55147|        7346|     8560|    91542|      374|       58| 4087,3557,2038
+-+------------+-----------+---------------+---------------+------------+---------+---------+---------+---------+---------
2025-10-17 01:00:22 CEST:  Update models 10 of 16
experimentsTestedSoFar:     7962
budgetUsedSoFar:            101703
remainingBudget:            71096
nbNewConfigurations:        208 
nbNewInstances:             0 
nbEliminatedConfigurations: 208 
Elite-so-far configuration: 2038             mean value: 10.29676

Description of the elite-so-far configuration 2038:
 barrier_limits_growth 1e+10 barrier_algorithm 3 barrier_crossover 2 barrier_limits_corrections 0 barrier_ordering 0 barrier_startalg 1 emphasis_memory no emphasis_mip 1 emphasis_numerical no feasopt_mode 1 lpmethod 5 mip_cuts_cliques 3 mip_cuts_covers 0 mip_cuts_disjunctive 1 mip_cuts_flowcovers 1 mip_cuts_gomory -1 mip_cuts_gubcovers 0 mip_cuts_implied 2 mip_cuts_mcfcut -1 mip_cuts_mircut -1 mip_cuts_pathcut 1 mip_cuts_zerohalfcut 1 mip_limits_aggforcut 0 mip_limits_cutsfactor 2 mip_limits_cutpasses 1 mip_limits_gomorycand 50 mip_limits_gomorypass 1 mip_strategy_variableselect 0 mip_submip_nodelimit 1000 mip_ordertype 2 mip_strategy_backtrack 0.9 mip_strategy_bbinterval 7 mip_strategy_branch 1 mip_strategy_dive 1 mip_strategy_file 0 mip_strategy_fpheur -1 mip_strategy_heuristicfreq 0 mip_strategy_lbheur no mip_strategy_nodeselect 0 mip_strategy_order yes mip_strategy_presolvenode 0 mip_strategy_probe 0 mip_strategy_rinsheur 80 mip_strategy_search 0 mip_strategy_startalgorithm 0 mip_strategy_subalgorithm 0 network_netfind 1 network_pricing 0 simplex_perturbation_switch no preprocessing_aggregator 64 preprocessing_boundstrength -1 preprocessing_coeffreduce 1 preprocessing_dependency 1 preprocessing_dual -1 preprocessing_fill 5 preprocessing_linear 0 preprocessing_numpass 4 preprocessing_reduce 3 preprocessing_relax 1 preprocessing_repeatpresolve 2 preprocessing_symmetry -1 read_scale 0 sifting_algorithm 1 simplex_crash 1 simplex_dgradient 3 simplex_limits_perturbation 64 simplex_limits_singularity 2 simplex_pgradient 0 simplex_pricing 4 simplex_refactor 256 simplex_tolerances_markowitz 0.0001


# 2025-10-17 01:00:22 CEST: Slice 11 of 17
# expectSliceBugdet: 10157
# Markers:
    x No test is performed.
    - The test is performed and some configurations are discarded
    . All alive configurations are elite and nothing is discarded
    c Configurations added to the race by sampling
    i Instances added to the race based on challenge from elimination test
    e Instances added to the race based on option expecetInstance
+-+------------+-----------+---------------+---------------+------------+---------+---------+---------+---------+---------
| |  Instances |      Alive|           Best|      Mean best| Exp so far |  W time |  T time | E queue | C queue | Elites
+-+------------+-----------+---------------+---------------+------------+---------+---------+---------+---------+---------
|-|       3(20)|     61(61)|     4087(4087)|       13.55147|        7970|     9413|   101842|      375|       58| 4087,3557,2038
+-+------------+-----------+---------------+---------------+------------+---------+---------+---------+---------+---------
2025-10-17 01:14:21 CEST:  Update models 11 of 16
experimentsTestedSoFar:     8579
budgetUsedSoFar:            111861
remainingBudget:            60938
nbNewConfigurations:        204 
nbNewInstances:             0 
nbEliminatedConfigurations: 204 
Elite-so-far configuration: 4087             mean value: 13.55147

Description of the elite-so-far configuration 4087:
 barrier_limits_growth 1e+12 barrier_algorithm 2 barrier_crossover 0 barrier_limits_corrections 0 barrier_ordering 3 barrier_startalg 2 emphasis_memory yes emphasis_mip 1 emphasis_numerical no feasopt_mode 1 lpmethod 3 mip_cuts_cliques 2 mip_cuts_covers 2 mip_cuts_disjunctive 2 mip_cuts_flowcovers 0 mip_cuts_gomory 0 mip_cuts_gubcovers 1 mip_cuts_implied 0 mip_cuts_mcfcut -1 mip_cuts_mircut 1 mip_cuts_pathcut 2 mip_cuts_zerohalfcut 0 mip_limits_aggforcut 5 mip_limits_cutsfactor 8 mip_limits_cutpasses 1 mip_limits_gomorycand 800 mip_limits_gomorypass 16 mip_strategy_variableselect 4 mip_submip_nodelimit 125 mip_ordertype 0 mip_strategy_backtrack 0.99999 mip_strategy_bbinterval 7 mip_strategy_branch 1 mip_strategy_dive 3 mip_strategy_file 0 mip_strategy_fpheur 0 mip_strategy_heuristicfreq 80 mip_strategy_lbheur no mip_strategy_nodeselect 2 mip_strategy_presolvenode 2 mip_strategy_probe 0 mip_strategy_rinsheur 0 mip_strategy_search 1 mip_strategy_startalgorithm 6 mip_strategy_subalgorithm 0 network_netfind 3 network_pricing 1 simplex_perturbation_switch yes perturbation_constant 1e-7 preprocessing_aggregator 4 preprocessing_boundstrength 0 preprocessing_coeffreduce 2 preprocessing_dependency 3 preprocessing_dual 0 preprocessing_fill 10 preprocessing_linear 0 preprocessing_numpass 1 preprocessing_reduce 0 preprocessing_relax 1 preprocessing_repeatpresolve 2 preprocessing_symmetry 5 read_scale 1 sifting_algorithm 3 simplex_crash 0 simplex_dgradient 2 simplex_limits_perturbation 0 simplex_limits_singularity 40 simplex_pgradient 2 simplex_pricing 0 simplex_refactor 64 simplex_tolerances_markowitz 0.5


# 2025-10-17 01:14:21 CEST: Slice 12 of 17
# expectSliceBugdet: 10157
# Markers:
    x No test is performed.
    - The test is performed and some configurations are discarded
    . All alive configurations are elite and nothing is discarded
    c Configurations added to the race by sampling
    i Instances added to the race based on challenge from elimination test
    e Instances added to the race based on option expecetInstance
+-+------------+-----------+---------------+---------------+------------+---------+---------+---------+---------+---------
| |  Instances |      Alive|           Best|      Mean best| Exp so far |  W time |  T time | E queue | C queue | Elites
+-+------------+-----------+---------------+---------------+------------+---------+---------+---------+---------+---------
|-|       3(20)|     61(61)|     4087(4087)|       13.55147|        8580|    10244|   111879|      377|       58| 4087,3557,2038
|-|       3(21)|     61(61)|     4087(2038)|       10.29676|        8903|    10659|   116938|      445|       60| 2038
|-|       3(21)|     61(61)|     4087(4087)|       13.55147|        8906|    10662|   116971|      445|       59| 4087,3557
|-|       3(22)|     61(61)|     4087(3557)|       11.51339|        8929|    10686|   117312|      509|       60| 3557
|-|       9(22)|     61(61)|     4087(4087)|       10.20587|        8931|    10690|   117335|      519|       60| 4087
|-|       4(22)|     61(61)|     5376(5376)|       10.91857|        9115|    10909|   120105|      505|       59| 5376,4087
+-+------------+-----------+---------------+---------------+------------+---------+---------+---------+---------+---------
2025-10-17 01:28:01 CEST:  Update models 12 of 16
experimentsTestedSoFar:     9237
budgetUsedSoFar:            122027
remainingBudget:            50772
nbNewConfigurations:        225 
nbNewInstances:             2 
nbEliminatedConfigurations: 225 
Elite-so-far configuration: 4087             mean value: 10.20587

Description of the elite-so-far configuration 4087:
 barrier_limits_growth 1e+12 barrier_algorithm 2 barrier_crossover 0 barrier_limits_corrections 0 barrier_ordering 3 barrier_startalg 2 emphasis_memory yes emphasis_mip 1 emphasis_numerical no feasopt_mode 1 lpmethod 3 mip_cuts_cliques 2 mip_cuts_covers 2 mip_cuts_disjunctive 2 mip_cuts_flowcovers 0 mip_cuts_gomory 0 mip_cuts_gubcovers 1 mip_cuts_implied 0 mip_cuts_mcfcut -1 mip_cuts_mircut 1 mip_cuts_pathcut 2 mip_cuts_zerohalfcut 0 mip_limits_aggforcut 5 mip_limits_cutsfactor 8 mip_limits_cutpasses 1 mip_limits_gomorycand 800 mip_limits_gomorypass 16 mip_strategy_variableselect 4 mip_submip_nodelimit 125 mip_ordertype 0 mip_strategy_backtrack 0.99999 mip_strategy_bbinterval 7 mip_strategy_branch 1 mip_strategy_dive 3 mip_strategy_file 0 mip_strategy_fpheur 0 mip_strategy_heuristicfreq 80 mip_strategy_lbheur no mip_strategy_nodeselect 2 mip_strategy_presolvenode 2 mip_strategy_probe 0 mip_strategy_rinsheur 0 mip_strategy_search 1 mip_strategy_startalgorithm 6 mip_strategy_subalgorithm 0 network_netfind 3 network_pricing 1 simplex_perturbation_switch yes perturbation_constant 1e-7 preprocessing_aggregator 4 preprocessing_boundstrength 0 preprocessing_coeffreduce 2 preprocessing_dependency 3 preprocessing_dual 0 preprocessing_fill 10 preprocessing_linear 0 preprocessing_numpass 1 preprocessing_reduce 0 preprocessing_relax 1 preprocessing_repeatpresolve 2 preprocessing_symmetry 5 read_scale 1 sifting_algorithm 3 simplex_crash 0 simplex_dgradient 2 simplex_limits_perturbation 0 simplex_limits_singularity 40 simplex_pgradient 2 simplex_pricing 0 simplex_refactor 64 simplex_tolerances_markowitz 0.5


# 2025-10-17 01:28:01 CEST: Slice 13 of 17
# expectSliceBugdet: 10155
# Markers:
    x No test is performed.
    - The test is performed and some configurations are discarded
    . All alive configurations are elite and nothing is discarded
    c Configurations added to the race by sampling
    i Instances added to the race based on challenge from elimination test
    e Instances added to the race based on option expecetInstance
+-+------------+-----------+---------------+---------------+------------+---------+---------+---------+---------+---------
| |  Instances |      Alive|           Best|      Mean best| Exp so far |  W time |  T time | E queue | C queue | Elites
+-+------------+-----------+---------------+---------------+------------+---------+---------+---------+---------+---------
|-|       3(22)|     61(61)|     5376(5376)|       13.12452|        9238|    11064|   122035|      497|       59| 5376,4087
|-|       2(22)|     51(51)|     5562(5562)|       15.99640|        9635|    11543|   128221|      421|       48| 5562,5376,4087
+-+------------+-----------+---------------+---------------+------------+---------+---------+---------+---------+---------
2025-10-17 01:41:16 CEST:  Update models 13 of 16
experimentsTestedSoFar:     9865
budgetUsedSoFar:            132185
remainingBudget:            40614
nbNewConfigurations:        252 
nbNewInstances:             0 
nbEliminatedConfigurations: 252 
Elite-so-far configuration: 4087             mean value: 10.20587

Description of the elite-so-far configuration 4087:
 barrier_limits_growth 1e+12 barrier_algorithm 2 barrier_crossover 0 barrier_limits_corrections 0 barrier_ordering 3 barrier_startalg 2 emphasis_memory yes emphasis_mip 1 emphasis_numerical no feasopt_mode 1 lpmethod 3 mip_cuts_cliques 2 mip_cuts_covers 2 mip_cuts_disjunctive 2 mip_cuts_flowcovers 0 mip_cuts_gomory 0 mip_cuts_gubcovers 1 mip_cuts_implied 0 mip_cuts_mcfcut -1 mip_cuts_mircut 1 mip_cuts_pathcut 2 mip_cuts_zerohalfcut 0 mip_limits_aggforcut 5 mip_limits_cutsfactor 8 mip_limits_cutpasses 1 mip_limits_gomorycand 800 mip_limits_gomorypass 16 mip_strategy_variableselect 4 mip_submip_nodelimit 125 mip_ordertype 0 mip_strategy_backtrack 0.99999 mip_strategy_bbinterval 7 mip_strategy_branch 1 mip_strategy_dive 3 mip_strategy_file 0 mip_strategy_fpheur 0 mip_strategy_heuristicfreq 80 mip_strategy_lbheur no mip_strategy_nodeselect 2 mip_strategy_presolvenode 2 mip_strategy_probe 0 mip_strategy_rinsheur 0 mip_strategy_search 1 mip_strategy_startalgorithm 6 mip_strategy_subalgorithm 0 network_netfind 3 network_pricing 1 simplex_perturbation_switch yes perturbation_constant 1e-7 preprocessing_aggregator 4 preprocessing_boundstrength 0 preprocessing_coeffreduce 2 preprocessing_dependency 3 preprocessing_dual 0 preprocessing_fill 10 preprocessing_linear 0 preprocessing_numpass 1 preprocessing_reduce 0 preprocessing_relax 1 preprocessing_repeatpresolve 2 preprocessing_symmetry 5 read_scale 1 sifting_algorithm 3 simplex_crash 0 simplex_dgradient 2 simplex_limits_perturbation 0 simplex_limits_singularity 40 simplex_pgradient 2 simplex_pricing 0 simplex_refactor 64 simplex_tolerances_markowitz 0.5


# 2025-10-17 01:41:16 CEST: Slice 14 of 17
# expectSliceBugdet: 10154
# Markers:
    x No test is performed.
    - The test is performed and some configurations are discarded
    . All alive configurations are elite and nothing is discarded
    c Configurations added to the race by sampling
    i Instances added to the race based on challenge from elimination test
    e Instances added to the race based on option expecetInstance
+-+------------+-----------+---------------+---------------+------------+---------+---------+---------+---------+---------
| |  Instances |      Alive|           Best|      Mean best| Exp so far |  W time |  T time | E queue | C queue | Elites
+-+------------+-----------+---------------+---------------+------------+---------+---------+---------+---------+---------
|-|       2(22)|     61(61)|     5562(5562)|       15.99640|        9865|    11859|   132185|      509|       58| 5562,5376,4087
+-+------------+-----------+---------------+---------------+------------+---------+---------+---------+---------+---------
2025-10-17 01:53:55 CEST:  Update models 14 of 16
experimentsTestedSoFar:     10453
budgetUsedSoFar:            142354
remainingBudget:            30445
nbNewConfigurations:        293 
nbNewInstances:             0 
nbEliminatedConfigurations: 293 
Elite-so-far configuration: 5562             mean value: 15.99640

Description of the elite-so-far configuration 5562:
 barrier_limits_growth 1e+12 barrier_algorithm 3 barrier_crossover 0 barrier_limits_corrections 0 barrier_ordering 3 barrier_startalg 2 emphasis_memory yes emphasis_mip 0 emphasis_numerical no feasopt_mode 1 lpmethod 3 mip_cuts_cliques 2 mip_cuts_covers 2 mip_cuts_disjunctive 2 mip_cuts_flowcovers 0 mip_cuts_gomory 0 mip_cuts_gubcovers 1 mip_cuts_implied 0 mip_cuts_mcfcut -1 mip_cuts_mircut 1 mip_cuts_pathcut 2 mip_cuts_zerohalfcut 2 mip_limits_aggforcut 3 mip_limits_cutsfactor 8 mip_limits_cutpasses 1 mip_limits_gomorycand 800 mip_limits_gomorypass 16 mip_strategy_variableselect 4 mip_submip_nodelimit 250 mip_ordertype 0 mip_strategy_backtrack 0.99999 mip_strategy_bbinterval 7 mip_strategy_branch 1 mip_strategy_dive 3 mip_strategy_file 0 mip_strategy_fpheur 0 mip_strategy_heuristicfreq 80 mip_strategy_lbheur no mip_strategy_nodeselect 2 mip_strategy_presolvenode 2 mip_strategy_probe 0 mip_strategy_rinsheur 0 mip_strategy_search 2 mip_strategy_startalgorithm 4 mip_strategy_subalgorithm 0 network_netfind 3 network_pricing 1 simplex_perturbation_switch no preprocessing_aggregator 1 preprocessing_boundstrength 0 preprocessing_coeffreduce 2 preprocessing_dependency 3 preprocessing_dual 0 preprocessing_fill 5 preprocessing_linear 0 preprocessing_numpass 1 preprocessing_reduce 2 preprocessing_relax 1 preprocessing_repeatpresolve 3 preprocessing_symmetry 5 read_scale -1 sifting_algorithm 3 simplex_crash 0 simplex_dgradient 2 simplex_limits_perturbation 0 simplex_limits_singularity 40 simplex_pgradient 0 simplex_pricing 4 simplex_refactor 64 simplex_tolerances_markowitz 0.5


# 2025-10-17 01:53:55 CEST: Slice 15 of 17
# expectSliceBugdet: 10149
# Markers:
    x No test is performed.
    - The test is performed and some configurations are discarded
    . All alive configurations are elite and nothing is discarded
    c Configurations added to the race by sampling
    i Instances added to the race based on challenge from elimination test
    e Instances added to the race based on option expecetInstance
+-+------------+-----------+---------------+---------------+------------+---------+---------+---------+---------+---------
| |  Instances |      Alive|           Best|      Mean best| Exp so far |  W time |  T time | E queue | C queue | Elites
+-+------------+-----------+---------------+---------------+------------+---------+---------+---------+---------+---------
|-|       2(22)|     61(61)|     5562(5562)|       15.99640|       10454|    12619|   142372|      506|       58| 5562,5376,4087
|-|       2(22)|     61(61)|     6125(6125)|       15.98420|       10811|    13124|   148574|      495|       57| 6125,5562,5376,4087
+-+------------+-----------+---------------+---------------+------------+---------+---------+---------+---------+---------
2025-10-17 02:07:31 CEST:  Update models 15 of 16
experimentsTestedSoFar:     11044
budgetUsedSoFar:            152515
remainingBudget:            20284
nbNewConfigurations:        287 
nbNewInstances:             0 
nbEliminatedConfigurations: 287 
Elite-so-far configuration: 4087             mean value: 10.20587

Description of the elite-so-far configuration 4087:
 barrier_limits_growth 1e+12 barrier_algorithm 2 barrier_crossover 0 barrier_limits_corrections 0 barrier_ordering 3 barrier_startalg 2 emphasis_memory yes emphasis_mip 1 emphasis_numerical no feasopt_mode 1 lpmethod 3 mip_cuts_cliques 2 mip_cuts_covers 2 mip_cuts_disjunctive 2 mip_cuts_flowcovers 0 mip_cuts_gomory 0 mip_cuts_gubcovers 1 mip_cuts_implied 0 mip_cuts_mcfcut -1 mip_cuts_mircut 1 mip_cuts_pathcut 2 mip_cuts_zerohalfcut 0 mip_limits_aggforcut 5 mip_limits_cutsfactor 8 mip_limits_cutpasses 1 mip_limits_gomorycand 800 mip_limits_gomorypass 16 mip_strategy_variableselect 4 mip_submip_nodelimit 125 mip_ordertype 0 mip_strategy_backtrack 0.99999 mip_strategy_bbinterval 7 mip_strategy_branch 1 mip_strategy_dive 3 mip_strategy_file 0 mip_strategy_fpheur 0 mip_strategy_heuristicfreq 80 mip_strategy_lbheur no mip_strategy_nodeselect 2 mip_strategy_presolvenode 2 mip_strategy_probe 0 mip_strategy_rinsheur 0 mip_strategy_search 1 mip_strategy_startalgorithm 6 mip_strategy_subalgorithm 0 network_netfind 3 network_pricing 1 simplex_perturbation_switch yes perturbation_constant 1e-7 preprocessing_aggregator 4 preprocessing_boundstrength 0 preprocessing_coeffreduce 2 preprocessing_dependency 3 preprocessing_dual 0 preprocessing_fill 10 preprocessing_linear 0 preprocessing_numpass 1 preprocessing_reduce 0 preprocessing_relax 1 preprocessing_repeatpresolve 2 preprocessing_symmetry 5 read_scale 1 sifting_algorithm 3 simplex_crash 0 simplex_dgradient 2 simplex_limits_perturbation 0 simplex_limits_singularity 40 simplex_pgradient 2 simplex_pricing 0 simplex_refactor 64 simplex_tolerances_markowitz 0.5


# 2025-10-17 02:07:31 CEST: Slice 16 of 17
# expectSliceBugdet: 10143
# Markers:
    x No test is performed.
    - The test is performed and some configurations are discarded
    . All alive configurations are elite and nothing is discarded
    c Configurations added to the race by sampling
    i Instances added to the race based on challenge from elimination test
    e Instances added to the race based on option expecetInstance
+-+------------+-----------+---------------+---------------+------------+---------+---------+---------+---------+---------
| |  Instances |      Alive|           Best|      Mean best| Exp so far |  W time |  T time | E queue | C queue | Elites
+-+------------+-----------+---------------+---------------+------------+---------+---------+---------+---------+---------
|-|       2(22)|     61(61)|     6125(6125)|       15.98420|       11044|    13433|   152515|      495|       57| 6125,5562,5376,4087
|-|       2(22)|     61(61)|     6252(6252)|       15.84050|       11054|    13443|   152674|      489|       56| 6252,6125,5562,5376,4087
|-|       2(22)|     61(61)|     6522(6522)|       15.53210|       11623|    14117|   162321|      483|       55| 6522,6252,6125,5562,5376,4087
+-+------------+-----------+---------------+---------------+------------+---------+---------+---------+---------+---------
2025-10-17 02:19:26 CEST:  Update models 16 of 16
experimentsTestedSoFar:     11643
budgetUsedSoFar:            162663
remainingBudget:            10136
nbNewConfigurations:        284 
nbNewInstances:             0 
nbEliminatedConfigurations: 284 
Elite-so-far configuration: 4087             mean value: 10.20587

Description of the elite-so-far configuration 4087:
 barrier_limits_growth 1e+12 barrier_algorithm 2 barrier_crossover 0 barrier_limits_corrections 0 barrier_ordering 3 barrier_startalg 2 emphasis_memory yes emphasis_mip 1 emphasis_numerical no feasopt_mode 1 lpmethod 3 mip_cuts_cliques 2 mip_cuts_covers 2 mip_cuts_disjunctive 2 mip_cuts_flowcovers 0 mip_cuts_gomory 0 mip_cuts_gubcovers 1 mip_cuts_implied 0 mip_cuts_mcfcut -1 mip_cuts_mircut 1 mip_cuts_pathcut 2 mip_cuts_zerohalfcut 0 mip_limits_aggforcut 5 mip_limits_cutsfactor 8 mip_limits_cutpasses 1 mip_limits_gomorycand 800 mip_limits_gomorypass 16 mip_strategy_variableselect 4 mip_submip_nodelimit 125 mip_ordertype 0 mip_strategy_backtrack 0.99999 mip_strategy_bbinterval 7 mip_strategy_branch 1 mip_strategy_dive 3 mip_strategy_file 0 mip_strategy_fpheur 0 mip_strategy_heuristicfreq 80 mip_strategy_lbheur no mip_strategy_nodeselect 2 mip_strategy_presolvenode 2 mip_strategy_probe 0 mip_strategy_rinsheur 0 mip_strategy_search 1 mip_strategy_startalgorithm 6 mip_strategy_subalgorithm 0 network_netfind 3 network_pricing 1 simplex_perturbation_switch yes perturbation_constant 1e-7 preprocessing_aggregator 4 preprocessing_boundstrength 0 preprocessing_coeffreduce 2 preprocessing_dependency 3 preprocessing_dual 0 preprocessing_fill 10 preprocessing_linear 0 preprocessing_numpass 1 preprocessing_reduce 0 preprocessing_relax 1 preprocessing_repeatpresolve 2 preprocessing_symmetry 5 read_scale 1 sifting_algorithm 3 simplex_crash 0 simplex_dgradient 2 simplex_limits_perturbation 0 simplex_limits_singularity 40 simplex_pgradient 2 simplex_pricing 0 simplex_refactor 64 simplex_tolerances_markowitz 0.5


# 2025-10-17 02:19:26 CEST: Slice 17 of 17
# expectSliceBugdet: 10137
# Markers:
    x No test is performed.
    - The test is performed and some configurations are discarded
    . All alive configurations are elite and nothing is discarded
    c Configurations added to the race by sampling
    i Instances added to the race based on challenge from elimination test
    e Instances added to the race based on option expecetInstance
+-+------------+-----------+---------------+---------------+------------+---------+---------+---------+---------+---------
| |  Instances |      Alive|           Best|      Mean best| Exp so far |  W time |  T time | E queue | C queue | Elites
+-+------------+-----------+---------------+---------------+------------+---------+---------+---------+---------+---------
|-|       2(22)|     61(61)|     6522(6522)|       15.53210|       11643|    14149|   162663|      483|       55| 6522,6252,6125,5562,5376,4087
+-+------------+-----------+---------------+---------------+------------+---------+---------+---------+---------+---------
2025-10-17 02:31:33 CEST:  Update models 16 of 16
experimentsTestedSoFar:     12226
budgetUsedSoFar:            172806
remainingBudget:            -6
nbNewConfigurations:        292 
nbNewInstances:             0 
nbEliminatedConfigurations: 292 
Elite-so-far configuration: 4087             mean value: 10.20587

Description of the elite-so-far configuration 4087:
 barrier_limits_growth 1e+12 barrier_algorithm 2 barrier_crossover 0 barrier_limits_corrections 0 barrier_ordering 3 barrier_startalg 2 emphasis_memory yes emphasis_mip 1 emphasis_numerical no feasopt_mode 1 lpmethod 3 mip_cuts_cliques 2 mip_cuts_covers 2 mip_cuts_disjunctive 2 mip_cuts_flowcovers 0 mip_cuts_gomory 0 mip_cuts_gubcovers 1 mip_cuts_implied 0 mip_cuts_mcfcut -1 mip_cuts_mircut 1 mip_cuts_pathcut 2 mip_cuts_zerohalfcut 0 mip_limits_aggforcut 5 mip_limits_cutsfactor 8 mip_limits_cutpasses 1 mip_limits_gomorycand 800 mip_limits_gomorypass 16 mip_strategy_variableselect 4 mip_submip_nodelimit 125 mip_ordertype 0 mip_strategy_backtrack 0.99999 mip_strategy_bbinterval 7 mip_strategy_branch 1 mip_strategy_dive 3 mip_strategy_file 0 mip_strategy_fpheur 0 mip_strategy_heuristicfreq 80 mip_strategy_lbheur no mip_strategy_nodeselect 2 mip_strategy_presolvenode 2 mip_strategy_probe 0 mip_strategy_rinsheur 0 mip_strategy_search 1 mip_strategy_startalgorithm 6 mip_strategy_subalgorithm 0 network_netfind 3 network_pricing 1 simplex_perturbation_switch yes perturbation_constant 1e-7 preprocessing_aggregator 4 preprocessing_boundstrength 0 preprocessing_coeffreduce 2 preprocessing_dependency 3 preprocessing_dual 0 preprocessing_fill 10 preprocessing_linear 0 preprocessing_numpass 1 preprocessing_reduce 0 preprocessing_relax 1 preprocessing_repeatpresolve 2 preprocessing_symmetry 5 read_scale 1 sifting_algorithm 3 simplex_crash 0 simplex_dgradient 2 simplex_limits_perturbation 0 simplex_limits_singularity 40 simplex_pgradient 2 simplex_pricing 0 simplex_refactor 64 simplex_tolerances_markowitz 0.5


# BUDGET IS EXHAUSTED!
# nbUsedInstances:            22 
# nbUsedConfigurations:       6940 
# nbEliminatedConfigurations (elimination test): 6878 
# final returned elite configurations: 4087 
# mean value of the final best configuration 4087 on 22 instances: 10.20587

# Description of the final best configuration 4087:
 barrier_limits_growth 1e+12 barrier_algorithm 2 barrier_crossover 0 barrier_limits_corrections 0 barrier_ordering 3 barrier_startalg 2 emphasis_memory yes emphasis_mip 1 emphasis_numerical no feasopt_mode 1 lpmethod 3 mip_cuts_cliques 2 mip_cuts_covers 2 mip_cuts_disjunctive 2 mip_cuts_flowcovers 0 mip_cuts_gomory 0 mip_cuts_gubcovers 1 mip_cuts_implied 0 mip_cuts_mcfcut -1 mip_cuts_mircut 1 mip_cuts_pathcut 2 mip_cuts_zerohalfcut 0 mip_limits_aggforcut 5 mip_limits_cutsfactor 8 mip_limits_cutpasses 1 mip_limits_gomorycand 800 mip_limits_gomorypass 16 mip_strategy_variableselect 4 mip_submip_nodelimit 125 mip_ordertype 0 mip_strategy_backtrack 0.99999 mip_strategy_bbinterval 7 mip_strategy_branch 1 mip_strategy_dive 3 mip_strategy_file 0 mip_strategy_fpheur 0 mip_strategy_heuristicfreq 80 mip_strategy_lbheur no mip_strategy_nodeselect 2 mip_strategy_presolvenode 2 mip_strategy_probe 0 mip_strategy_rinsheur 0 mip_strategy_search 1 mip_strategy_startalgorithm 6 mip_strategy_subalgorithm 0 network_netfind 3 network_pricing 1 simplex_perturbation_switch yes perturbation_constant 1e-7 preprocessing_aggregator 4 preprocessing_boundstrength 0 preprocessing_coeffreduce 2 preprocessing_dependency 3 preprocessing_dual 0 preprocessing_fill 10 preprocessing_linear 0 preprocessing_numpass 1 preprocessing_reduce 0 preprocessing_relax 1 preprocessing_repeatpresolve 2 preprocessing_symmetry 5 read_scale 1 sifting_algorithm 3 simplex_crash 0 simplex_dgradient 2 simplex_limits_perturbation 0 simplex_limits_singularity 40 simplex_pgradient 2 simplex_pricing 0 simplex_refactor 64 simplex_tolerances_markowitz 0.5

Before closing
Pool closed
Master stopped
Shutdown complete


# Initializing tester 
# Start testing ... 
# Configurations:  1
 4087:  barrier_limits_growth 1e+12 barrier_algorithm 2 barrier_crossover 0 barrier_limits_corrections 0 barrier_ordering 3 barrier_startalg 2 emphasis_memory yes emphasis_mip 1 emphasis_numerical no feasopt_mode 1 lpmethod 3 mip_cuts_cliques 2 mip_cuts_covers 2 mip_cuts_disjunctive 2 mip_cuts_flowcovers 0 mip_cuts_gomory 0 mip_cuts_gubcovers 1 mip_cuts_implied 0 mip_cuts_mcfcut -1 mip_cuts_mircut 1 mip_cuts_pathcut 2 mip_cuts_zerohalfcut 0 mip_limits_aggforcut 5 mip_limits_cutsfactor 8 mip_limits_cutpasses 1 mip_limits_gomorycand 800 mip_limits_gomorypass 16 mip_strategy_variableselect 4 mip_submip_nodelimit 125 mip_ordertype 0 mip_strategy_backtrack 0.99999 mip_strategy_bbinterval 7 mip_strategy_branch 1 mip_strategy_dive 3 mip_strategy_file 0 mip_strategy_fpheur 0 mip_strategy_heuristicfreq 80 mip_strategy_lbheur no mip_strategy_nodeselect 2 mip_strategy_presolvenode 2 mip_strategy_probe 0 mip_strategy_rinsheur 0 mip_strategy_search 1 mip_strategy_startalgorithm 6 mip_strategy_subalgorithm 0 network_netfind 3 network_pricing 1 simplex_perturbation_switch yes perturbation_constant 1e-7 preprocessing_aggregator 4 preprocessing_boundstrength 0 preprocessing_coeffreduce 2 preprocessing_dependency 3 preprocessing_dual 0 preprocessing_fill 10 preprocessing_linear 0 preprocessing_numpass 1 preprocessing_reduce 0 preprocessing_relax 1 preprocessing_repeatpresolve 2 preprocessing_symmetry 5 read_scale 1 sifting_algorithm 3 simplex_crash 0 simplex_dgradient 2 simplex_limits_perturbation 0 simplex_limits_singularity 40 simplex_pgradient 2 simplex_pricing 0 simplex_refactor 64 simplex_tolerances_markowitz 0.5
# Instances:  1000
# Experiment: 7       config: 4087    instance: 7       result: 1.831820            time: 1.83182
# Experiment: 31      config: 4087    instance: 31      result: 1.854360            time: 1.85436
# Experiment: 29      config: 4087    instance: 29      result: 1.666150            time: 1.66615
# Experiment: 13      config: 4087    instance: 13      result: 5.127570            time: 5.12757
# Experiment: 9       config: 4087    instance: 9       result: 3.044580            time: 3.04458
# Experiment: 28      config: 4087    instance: 28      result: 3.643210            time: 3.64321
# Experiment: 15      config: 4087    instance: 15      result: 4.730260            time: 4.73026
# Experiment: 30      config: 4087    instance: 30      result: 2.032380            time: 2.03238
# Experiment: 25      config: 4087    instance: 25      result: 4.587850            time: 4.58785
# Experiment: 14      config: 4087    instance: 14      result: 2.698250            time: 2.69825
# Experiment: 18      config: 4087    instance: 18      result: 4.581440            time: 4.58144
# Experiment: 16      config: 4087    instance: 16      result: 4.452340            time: 4.45234
# Experiment: 11      config: 4087    instance: 11      result: 7.535480            time: 7.53548
# Experiment: 20      config: 4087    instance: 20      result: 3.355490            time: 3.35549
# Experiment: 8       config: 4087    instance: 8       result: 4.975010            time: 4.97501
# Experiment: 19      config: 4087    instance: 19      result: 3.592730            time: 3.59273
# Experiment: 10      config: 4087    instance: 10      result: 2.422150            time: 2.42215
# Experiment: 4       config: 4087    instance: 4       result: 4.352470            time: 4.35247
# Experiment: 27      config: 4087    instance: 27      result: 4.306250            time: 4.30625
# Experiment: 24      config: 4087    instance: 24      result: 5.248100            time: 5.24810
# Experiment: 12      config: 4087    instance: 12      result: 8.677810            time: 8.67781
# Experiment: 26      config: 4087    instance: 26      result: 7.458570            time: 7.45857
# Experiment: 17      config: 4087    instance: 17      result: 6.228750            time: 6.22875
# Experiment: 3       config: 4087    instance: 3       result: 6.816680            time: 6.81668
# Experiment: 23      config: 4087    instance: 23      result: 5.721900            time: 5.72190
# Experiment: 21      config: 4087    instance: 21      result: 7.038990            time: 7.03899
# Experiment: 2       config: 4087    instance: 2       result: 15.725000           time: 15.72500
# Experiment: 5       config: 4087    instance: 5       result: 8.534630            time: 8.53463
# Experiment: 22      config: 4087    instance: 22      result: 20.001100           time: 20.00110
# Experiment: 52      config: 4087    instance: 52      result: 1.772500            time: 1.77250
# Experiment: 50      config: 4087    instance: 50      result: 2.377140            time: 2.37714
# Experiment: 36      config: 4087    instance: 36      result: 4.512460            time: 4.51246
# Experiment: 37      config: 4087    instance: 37      result: 4.456920            time: 4.45692
# Experiment: 42      config: 4087    instance: 42      result: 2.951950            time: 2.95195
# Experiment: 6       config: 4087    instance: 6       result: 16.240600           time: 16.24060
# Experiment: 38      config: 4087    instance: 38      result: 6.733340            time: 6.73334
# Experiment: 34      config: 4087    instance: 34      result: 4.790520            time: 4.79052
# Experiment: 33      config: 4087    instance: 33      result: 5.473860            time: 5.47386
# Experiment: 48      config: 4087    instance: 48      result: 2.791720            time: 2.79172
# Experiment: 32      config: 4087    instance: 32      result: 9.485130            time: 9.48513
# Experiment: 40      config: 4087    instance: 40      result: 3.875650            time: 3.87565
# Experiment: 35      config: 4087    instance: 35      result: 4.562020            time: 4.56202
# Experiment: 1       config: 4087    instance: 1       result: 14.294600           time: 14.29460
# Experiment: 56      config: 4087    instance: 56      result: 3.241570            time: 3.24157
# Experiment: 55      config: 4087    instance: 55      result: 4.572810            time: 4.57281
# Experiment: 45      config: 4087    instance: 45      result: 3.818020            time: 3.81802
# Experiment: 39      config: 4087    instance: 39      result: 9.419380            time: 9.41938
# Experiment: 43      config: 4087    instance: 43      result: 7.237030            time: 7.23703
# Experiment: 53      config: 4087    instance: 53      result: 4.901640            time: 4.90164
# Experiment: 46      config: 4087    instance: 46      result: 7.220370            time: 7.22037
# Experiment: 58      config: 4087    instance: 58      result: 2.285120            time: 2.28512
# Experiment: 44      config: 4087    instance: 44      result: 9.488920            time: 9.48892
# Experiment: 60      config: 4087    instance: 60      result: 3.439130            time: 3.43913
# Experiment: 51      config: 4087    instance: 51      result: 8.642770            time: 8.64277
# Experiment: 63      config: 4087    instance: 63      result: 2.006590            time: 2.00659
# Experiment: 54      config: 4087    instance: 54      result: 8.505100            time: 8.50510
# Experiment: 59      config: 4087    instance: 59      result: 4.118210            time: 4.11821
# Experiment: 41      config: 4087    instance: 41      result: 11.327200           time: 11.32720
# Experiment: 47      config: 4087    instance: 47      result: 9.851450            time: 9.85145
# Experiment: 61      config: 4087    instance: 61      result: 3.635750            time: 3.63575
# Experiment: 49      config: 4087    instance: 49      result: 10.554400           time: 10.55440
# Experiment: 62      config: 4087    instance: 62      result: 5.108600            time: 5.10860
# Experiment: 67      config: 4087    instance: 67      result: 5.317650            time: 5.31765
# Experiment: 75      config: 4087    instance: 75      result: 1.176670            time: 1.17667
# Experiment: 69      config: 4087    instance: 69      result: 2.334560            time: 2.33456
# Experiment: 78      config: 4087    instance: 78      result: 1.620980            time: 1.62098
# Experiment: 71      config: 4087    instance: 71      result: 3.362250            time: 3.36225
# Experiment: 65      config: 4087    instance: 65      result: 8.980980            time: 8.98098
# Experiment: 73      config: 4087    instance: 73      result: 3.319960            time: 3.31996
# Experiment: 66      config: 4087    instance: 66      result: 4.355870            time: 4.35587
# Experiment: 82      config: 4087    instance: 82      result: 4.526810            time: 4.52681
# Experiment: 76      config: 4087    instance: 76      result: 4.335660            time: 4.33566
# Experiment: 70      config: 4087    instance: 70      result: 8.114700            time: 8.11470
# Experiment: 80      config: 4087    instance: 80      result: 3.142990            time: 3.14299
# Experiment: 84      config: 4087    instance: 84      result: 3.083450            time: 3.08345
# Experiment: 79      config: 4087    instance: 79      result: 5.742470            time: 5.74247
# Experiment: 77      config: 4087    instance: 77      result: 3.864530            time: 3.86453
# Experiment: 87      config: 4087    instance: 87      result: 4.946920            time: 4.94692
# Experiment: 85      config: 4087    instance: 85      result: 6.107990            time: 6.10799
# Experiment: 86      config: 4087    instance: 86      result: 2.352440            time: 2.35244
# Experiment: 90      config: 4087    instance: 90      result: 4.147480            time: 4.14748
# Experiment: 64      config: 4087    instance: 64      result: 6.878500            time: 6.87850
# Experiment: 88      config: 4087    instance: 88      result: 3.779360            time: 3.77936
# Experiment: 74      config: 4087    instance: 74      result: 7.197160            time: 7.19716
# Experiment: 81      config: 4087    instance: 81      result: 8.028660            time: 8.02866
# Experiment: 91      config: 4087    instance: 91      result: 4.795670            time: 4.79567
# Experiment: 83      config: 4087    instance: 83      result: 5.765370            time: 5.76537
# Experiment: 72      config: 4087    instance: 72      result: 12.159100           time: 12.15910
# Experiment: 92      config: 4087    instance: 92      result: 3.767240            time: 3.76724
# Experiment: 89      config: 4087    instance: 89      result: 4.506730            time: 4.50673
# Experiment: 97      config: 4087    instance: 97      result: 4.735170            time: 4.73517
# Experiment: 95      config: 4087    instance: 95      result: 6.098360            time: 6.09836
# Experiment: 93      config: 4087    instance: 93      result: 5.281750            time: 5.28175
# Experiment: 100     config: 4087    instance: 100     result: 4.981100            time: 4.98110
# Experiment: 57      config: 4087    instance: 57      result: 24.694300           time: 24.69430
# Experiment: 101     config: 4087    instance: 101     result: 5.523810            time: 5.52381
# Experiment: 99      config: 4087    instance: 99      result: 5.438580            time: 5.43858
# Experiment: 103     config: 4087    instance: 103     result: 5.025300            time: 5.02530
# Experiment: 104     config: 4087    instance: 104     result: 2.199740            time: 2.19974
# Experiment: 94      config: 4087    instance: 94      result: 8.659480            time: 8.65948
# Experiment: 102     config: 4087    instance: 102     result: 4.272010            time: 4.27201
# Experiment: 105     config: 4087    instance: 105     result: 5.024870            time: 5.02487
# Experiment: 107     config: 4087    instance: 107     result: 4.657420            time: 4.65742
# Experiment: 106     config: 4087    instance: 106     result: 9.873330            time: 9.87333
# Experiment: 110     config: 4087    instance: 110     result: 3.703090            time: 3.70309
# Experiment: 108     config: 4087    instance: 108     result: 5.576180            time: 5.57618
# Experiment: 68      config: 4087    instance: 68      result: 22.826900           time: 22.82690
# Experiment: 109     config: 4087    instance: 109     result: 5.342610            time: 5.34261
# Experiment: 96      config: 4087    instance: 96      result: 10.792900           time: 10.79290
# Experiment: 116     config: 4087    instance: 116     result: 4.928580            time: 4.92858
# Experiment: 111     config: 4087    instance: 111     result: 1.752630            time: 1.75263
# Experiment: 113     config: 4087    instance: 113     result: 5.054470            time: 5.05447
# Experiment: 119     config: 4087    instance: 119     result: 4.924910            time: 4.92491
# Experiment: 114     config: 4087    instance: 114     result: 3.492210            time: 3.49221
# Experiment: 120     config: 4087    instance: 120     result: 2.465760            time: 2.46576
# Experiment: 123     config: 4087    instance: 123     result: 4.366370            time: 4.36637
# Experiment: 115     config: 4087    instance: 115     result: 8.925460            time: 8.92546
# Experiment: 118     config: 4087    instance: 118     result: 5.834590            time: 5.83459
# Experiment: 122     config: 4087    instance: 122     result: 3.344070            time: 3.34407
# Experiment: 125     config: 4087    instance: 125     result: 3.213570            time: 3.21357
# Experiment: 98      config: 4087    instance: 98      result: 11.180200           time: 11.18020
# Experiment: 117     config: 4087    instance: 117     result: 8.764430            time: 8.76443
# Experiment: 121     config: 4087    instance: 121     result: 6.884690            time: 6.88469
# Experiment: 135     config: 4087    instance: 135     result: 1.128930            time: 1.12893
# Experiment: 132     config: 4087    instance: 132     result: 2.793630            time: 2.79363
# Experiment: 112     config: 4087    instance: 112     result: 10.277600           time: 10.27760
# Experiment: 127     config: 4087    instance: 127     result: 5.659510            time: 5.65951
# Experiment: 137     config: 4087    instance: 137     result: 2.987830            time: 2.98783
# Experiment: 128     config: 4087    instance: 128     result: 4.930910            time: 4.93091
# Experiment: 129     config: 4087    instance: 129     result: 4.152230            time: 4.15223
# Experiment: 126     config: 4087    instance: 126     result: 6.246370            time: 6.24637
# Experiment: 141     config: 4087    instance: 141     result: 3.060700            time: 3.06070
# Experiment: 143     config: 4087    instance: 143     result: 3.696960            time: 3.69696
# Experiment: 133     config: 4087    instance: 133     result: 3.970590            time: 3.97059
# Experiment: 131     config: 4087    instance: 131     result: 4.959310            time: 4.95931
# Experiment: 130     config: 4087    instance: 130     result: 5.265580            time: 5.26558
# Experiment: 145     config: 4087    instance: 145     result: 4.662150            time: 4.66215
# Experiment: 140     config: 4087    instance: 140     result: 4.587750            time: 4.58775
# Experiment: 138     config: 4087    instance: 138     result: 8.598220            time: 8.59822
# Experiment: 144     config: 4087    instance: 144     result: 5.781500            time: 5.78150
# Experiment: 134     config: 4087    instance: 134     result: 7.570490            time: 7.57049
# Experiment: 142     config: 4087    instance: 142     result: 4.580330            time: 4.58033
# Experiment: 146     config: 4087    instance: 146     result: 6.979950            time: 6.97995
# Experiment: 149     config: 4087    instance: 149     result: 2.771750            time: 2.77175
# Experiment: 152     config: 4087    instance: 152     result: 4.397680            time: 4.39768
# Experiment: 151     config: 4087    instance: 151     result: 5.572320            time: 5.57232
# Experiment: 153     config: 4087    instance: 153     result: 3.428410            time: 3.42841
# Experiment: 148     config: 4087    instance: 148     result: 4.945890            time: 4.94589
# Experiment: 139     config: 4087    instance: 139     result: 8.277700            time: 8.27770
# Experiment: 136     config: 4087    instance: 136     result: 6.257550            time: 6.25755
# Experiment: 155     config: 4087    instance: 155     result: 3.578800            time: 3.57880
# Experiment: 154     config: 4087    instance: 154     result: 3.970500            time: 3.97050
# Experiment: 164     config: 4087    instance: 164     result: 2.019930            time: 2.01993
# Experiment: 156     config: 4087    instance: 156     result: 6.936140            time: 6.93614
# Experiment: 147     config: 4087    instance: 147     result: 11.875800           time: 11.87580
# Experiment: 167     config: 4087    instance: 167     result: 2.603630            time: 2.60363
# Experiment: 166     config: 4087    instance: 166     result: 2.951790            time: 2.95179
# Experiment: 150     config: 4087    instance: 150     result: 13.303200           time: 13.30320
# Experiment: 158     config: 4087    instance: 158     result: 4.734400            time: 4.73440
# Experiment: 169     config: 4087    instance: 169     result: 3.068940            time: 3.06894
# Experiment: 163     config: 4087    instance: 163     result: 4.189270            time: 4.18927
# Experiment: 160     config: 4087    instance: 160     result: 7.914400            time: 7.91440
# Experiment: 159     config: 4087    instance: 159     result: 5.966460            time: 5.96646
# Experiment: 176     config: 4087    instance: 176     result: 3.734250            time: 3.73425
# Experiment: 173     config: 4087    instance: 173     result: 6.947650            time: 6.94765
# Experiment: 171     config: 4087    instance: 171     result: 4.069980            time: 4.06998
# Experiment: 177     config: 4087    instance: 177     result: 3.339800            time: 3.33980
# Experiment: 181     config: 4087    instance: 181     result: 5.805320            time: 5.80532
# Experiment: 162     config: 4087    instance: 162     result: 4.704750            time: 4.70475
# Experiment: 124     config: 4087    instance: 124     result: 24.287600           time: 24.28760
# Experiment: 174     config: 4087    instance: 174     result: 5.079300            time: 5.07930
# Experiment: 165     config: 4087    instance: 165     result: 15.331400           time: 15.33140
# Experiment: 168     config: 4087    instance: 168     result: 7.586960            time: 7.58696
# Experiment: 170     config: 4087    instance: 170     result: 5.234970            time: 5.23497
# Experiment: 184     config: 4087    instance: 184     result: 2.433440            time: 2.43344
# Experiment: 175     config: 4087    instance: 175     result: 5.868020            time: 5.86802
# Experiment: 157     config: 4087    instance: 157     result: 9.255780            time: 9.25578
# Experiment: 180     config: 4087    instance: 180     result: 5.501780            time: 5.50178
# Experiment: 183     config: 4087    instance: 183     result: 8.017350            time: 8.01735
# Experiment: 182     config: 4087    instance: 182     result: 7.050980            time: 7.05098
# Experiment: 161     config: 4087    instance: 161     result: 15.861500           time: 15.86150
# Experiment: 189     config: 4087    instance: 189     result: 4.969900            time: 4.96990
# Experiment: 188     config: 4087    instance: 188     result: 3.228840            time: 3.22884
# Experiment: 191     config: 4087    instance: 191     result: 5.415270            time: 5.41527
# Experiment: 185     config: 4087    instance: 185     result: 5.119770            time: 5.11977
# Experiment: 187     config: 4087    instance: 187     result: 5.029550            time: 5.02955
# Experiment: 172     config: 4087    instance: 172     result: 7.615330            time: 7.61533
# Experiment: 196     config: 4087    instance: 196     result: 1.156080            time: 1.15608
# Experiment: 186     config: 4087    instance: 186     result: 5.967510            time: 5.96751
# Experiment: 179     config: 4087    instance: 179     result: 11.627100           time: 11.62710
# Experiment: 193     config: 4087    instance: 193     result: 3.789780            time: 3.78978
# Experiment: 190     config: 4087    instance: 190     result: 9.163420            time: 9.16342
# Experiment: 197     config: 4087    instance: 197     result: 4.440770            time: 4.44077
# Experiment: 205     config: 4087    instance: 205     result: 2.595220            time: 2.59522
# Experiment: 207     config: 4087    instance: 207     result: 3.263080            time: 3.26308
# Experiment: 195     config: 4087    instance: 195     result: 5.088930            time: 5.08893
# Experiment: 198     config: 4087    instance: 198     result: 6.192340            time: 6.19234
# Experiment: 208     config: 4087    instance: 208     result: 3.222580            time: 3.22258
# Experiment: 202     config: 4087    instance: 202     result: 5.620920            time: 5.62092
# Experiment: 192     config: 4087    instance: 192     result: 9.347050            time: 9.34705
# Experiment: 200     config: 4087    instance: 200     result: 7.006850            time: 7.00685
# Experiment: 213     config: 4087    instance: 213     result: 1.822390            time: 1.82239
# Experiment: 217     config: 4087    instance: 217     result: 3.271710            time: 3.27171
# Experiment: 212     config: 4087    instance: 212     result: 5.010260            time: 5.01026
# Experiment: 194     config: 4087    instance: 194     result: 8.337150            time: 8.33715
# Experiment: 201     config: 4087    instance: 201     result: 7.254210            time: 7.25421
# Experiment: 199     config: 4087    instance: 199     result: 6.630430            time: 6.63043
# Experiment: 216     config: 4087    instance: 216     result: 4.104130            time: 4.10413
# Experiment: 204     config: 4087    instance: 204     result: 4.819770            time: 4.81977
# Experiment: 203     config: 4087    instance: 203     result: 7.766450            time: 7.76645
# Experiment: 215     config: 4087    instance: 215     result: 5.514540            time: 5.51454
# Experiment: 178     config: 4087    instance: 178     result: 22.616500           time: 22.61650
# Experiment: 210     config: 4087    instance: 210     result: 7.536090            time: 7.53609
# Experiment: 224     config: 4087    instance: 224     result: 4.157070            time: 4.15707
# Experiment: 229     config: 4087    instance: 229     result: 2.185670            time: 2.18567
# Experiment: 225     config: 4087    instance: 225     result: 3.066740            time: 3.06674
# Experiment: 222     config: 4087    instance: 222     result: 5.358610            time: 5.35861
# Experiment: 220     config: 4087    instance: 220     result: 7.742420            time: 7.74242
# Experiment: 209     config: 4087    instance: 209     result: 9.124260            time: 9.12426
# Experiment: 221     config: 4087    instance: 221     result: 4.574420            time: 4.57442
# Experiment: 219     config: 4087    instance: 219     result: 8.062710            time: 8.06271
# Experiment: 232     config: 4087    instance: 232     result: 2.669110            time: 2.66911
# Experiment: 211     config: 4087    instance: 211     result: 12.174000           time: 12.17400
# Experiment: 214     config: 4087    instance: 214     result: 8.253520            time: 8.25352
# Experiment: 227     config: 4087    instance: 227     result: 5.392060            time: 5.39206
# Experiment: 230     config: 4087    instance: 230     result: 5.217420            time: 5.21742
# Experiment: 218     config: 4087    instance: 218     result: 10.678900           time: 10.67890
# Experiment: 226     config: 4087    instance: 226     result: 6.586970            time: 6.58697
# Experiment: 228     config: 4087    instance: 228     result: 4.413130            time: 4.41313
# Experiment: 242     config: 4087    instance: 242     result: 2.365460            time: 2.36546
# Experiment: 233     config: 4087    instance: 233     result: 4.044520            time: 4.04452
# Experiment: 231     config: 4087    instance: 231     result: 3.921360            time: 3.92136
# Experiment: 241     config: 4087    instance: 241     result: 2.269400            time: 2.26940
# Experiment: 237     config: 4087    instance: 237     result: 1.966580            time: 1.96658
# Experiment: 244     config: 4087    instance: 244     result: 1.631790            time: 1.63179
# Experiment: 223     config: 4087    instance: 223     result: 12.628100           time: 12.62810
# Experiment: 235     config: 4087    instance: 235     result: 10.029400           time: 10.02940
# Experiment: 234     config: 4087    instance: 234     result: 5.801670            time: 5.80167
# Experiment: 243     config: 4087    instance: 243     result: 3.580130            time: 3.58013
# Experiment: 236     config: 4087    instance: 236     result: 10.101000           time: 10.10100
# Experiment: 238     config: 4087    instance: 238     result: 6.838680            time: 6.83868
# Experiment: 206     config: 4087    instance: 206     result: 21.719000           time: 21.71900
# Experiment: 246     config: 4087    instance: 246     result: 2.645740            time: 2.64574
# Experiment: 253     config: 4087    instance: 253     result: 4.121270            time: 4.12127
# Experiment: 239     config: 4087    instance: 239     result: 7.717220            time: 7.71722
# Experiment: 259     config: 4087    instance: 259     result: 2.961990            time: 2.96199
# Experiment: 256     config: 4087    instance: 256     result: 3.406770            time: 3.40677
# Experiment: 252     config: 4087    instance: 252     result: 3.101710            time: 3.10171
# Experiment: 240     config: 4087    instance: 240     result: 9.967600            time: 9.96760
# Experiment: 248     config: 4087    instance: 248     result: 6.656670            time: 6.65667
# Experiment: 245     config: 4087    instance: 245     result: 6.597950            time: 6.59795
# Experiment: 257     config: 4087    instance: 257     result: 5.919960            time: 5.91996
# Experiment: 273     config: 4087    instance: 273     result: 0.952868            time: 0.95287
# Experiment: 260     config: 4087    instance: 260     result: 4.393060            time: 4.39306
# Experiment: 268     config: 4087    instance: 268     result: 2.844930            time: 2.84493
# Experiment: 265     config: 4087    instance: 265     result: 7.439760            time: 7.43976
# Experiment: 249     config: 4087    instance: 249     result: 5.948840            time: 5.94884
# Experiment: 267     config: 4087    instance: 267     result: 2.477900            time: 2.47790
# Experiment: 258     config: 4087    instance: 258     result: 7.763920            time: 7.76392
# Experiment: 254     config: 4087    instance: 254     result: 12.964300           time: 12.96430
# Experiment: 278     config: 4087    instance: 278     result: 5.399040            time: 5.39904
# Experiment: 261     config: 4087    instance: 261     result: 8.546960            time: 8.54696
# Experiment: 269     config: 4087    instance: 269     result: 5.868840            time: 5.86884
# Experiment: 247     config: 4087    instance: 247     result: 11.947900           time: 11.94790
# Experiment: 251     config: 4087    instance: 251     result: 16.256500           time: 16.25650
# Experiment: 276     config: 4087    instance: 276     result: 6.270400            time: 6.27040
# Experiment: 280     config: 4087    instance: 280     result: 2.429440            time: 2.42944
# Experiment: 255     config: 4087    instance: 255     result: 10.172200           time: 10.17220
# Experiment: 281     config: 4087    instance: 281     result: 3.944370            time: 3.94437
# Experiment: 262     config: 4087    instance: 262     result: 11.445200           time: 11.44520
# Experiment: 279     config: 4087    instance: 279     result: 2.557350            time: 2.55735
# Experiment: 272     config: 4087    instance: 272     result: 3.263860            time: 3.26386
# Experiment: 274     config: 4087    instance: 274     result: 3.097660            time: 3.09766
# Experiment: 275     config: 4087    instance: 275     result: 7.227590            time: 7.22759
# Experiment: 264     config: 4087    instance: 264     result: 10.384000           time: 10.38400
# Experiment: 277     config: 4087    instance: 277     result: 5.956110            time: 5.95611
# Experiment: 283     config: 4087    instance: 283     result: 5.256280            time: 5.25628
# Experiment: 263     config: 4087    instance: 263     result: 11.744700           time: 11.74470
# Experiment: 266     config: 4087    instance: 266     result: 11.611300           time: 11.61130
# Experiment: 271     config: 4087    instance: 271     result: 10.685700           time: 10.68570
# Experiment: 270     config: 4087    instance: 270     result: 8.670550            time: 8.67055
# Experiment: 284     config: 4087    instance: 284     result: 4.414150            time: 4.41415
# Experiment: 300     config: 4087    instance: 300     result: 2.558850            time: 2.55885
# Experiment: 286     config: 4087    instance: 286     result: 4.276440            time: 4.27644
# Experiment: 285     config: 4087    instance: 285     result: 3.434830            time: 3.43483
# Experiment: 282     config: 4087    instance: 282     result: 9.312720            time: 9.31272
# Experiment: 301     config: 4087    instance: 301     result: 3.040750            time: 3.04075
# Experiment: 291     config: 4087    instance: 291     result: 5.077260            time: 5.07726
# Experiment: 294     config: 4087    instance: 294     result: 4.299670            time: 4.29967
# Experiment: 290     config: 4087    instance: 290     result: 2.350930            time: 2.35093
# Experiment: 295     config: 4087    instance: 295     result: 3.105120            time: 3.10512
# Experiment: 293     config: 4087    instance: 293     result: 2.678560            time: 2.67856
# Experiment: 288     config: 4087    instance: 288     result: 5.940040            time: 5.94004
# Experiment: 298     config: 4087    instance: 298     result: 6.412990            time: 6.41299
# Experiment: 310     config: 4087    instance: 310     result: 3.024430            time: 3.02443
# Experiment: 304     config: 4087    instance: 304     result: 3.369290            time: 3.36929
# Experiment: 302     config: 4087    instance: 302     result: 4.946660            time: 4.94666
# Experiment: 299     config: 4087    instance: 299     result: 3.786970            time: 3.78697
# Experiment: 296     config: 4087    instance: 296     result: 7.619210            time: 7.61921
# Experiment: 308     config: 4087    instance: 308     result: 2.568960            time: 2.56896
# Experiment: 306     config: 4087    instance: 306     result: 7.527320            time: 7.52732
# Experiment: 315     config: 4087    instance: 315     result: 2.473730            time: 2.47373
# Experiment: 312     config: 4087    instance: 312     result: 2.777370            time: 2.77737
# Experiment: 289     config: 4087    instance: 289     result: 9.810840            time: 9.81084
# Experiment: 316     config: 4087    instance: 316     result: 1.746410            time: 1.74641
# Experiment: 314     config: 4087    instance: 314     result: 3.872840            time: 3.87284
# Experiment: 305     config: 4087    instance: 305     result: 6.751310            time: 6.75131
# Experiment: 297     config: 4087    instance: 297     result: 9.093320            time: 9.09332
# Experiment: 309     config: 4087    instance: 309     result: 7.832430            time: 7.83243
# Experiment: 303     config: 4087    instance: 303     result: 8.195780            time: 8.19578
# Experiment: 311     config: 4087    instance: 311     result: 6.427270            time: 6.42727
# Experiment: 307     config: 4087    instance: 307     result: 9.144880            time: 9.14488
# Experiment: 250     config: 4087    instance: 250     result: 37.134500           time: 37.13450
# Experiment: 318     config: 4087    instance: 318     result: 6.061990            time: 6.06199
# Experiment: 322     config: 4087    instance: 322     result: 4.033340            time: 4.03334
# Experiment: 321     config: 4087    instance: 321     result: 4.875680            time: 4.87568
# Experiment: 320     config: 4087    instance: 320     result: 5.531950            time: 5.53195
# Experiment: 287     config: 4087    instance: 287     result: 17.374800           time: 17.37480
# Experiment: 292     config: 4087    instance: 292     result: 15.650700           time: 15.65070
# Experiment: 319     config: 4087    instance: 319     result: 3.632250            time: 3.63225
# Experiment: 324     config: 4087    instance: 324     result: 3.914160            time: 3.91416
# Experiment: 317     config: 4087    instance: 317     result: 9.227420            time: 9.22742
# Experiment: 326     config: 4087    instance: 326     result: 5.826920            time: 5.82692
# Experiment: 330     config: 4087    instance: 330     result: 3.642640            time: 3.64264
# Experiment: 333     config: 4087    instance: 333     result: 2.570980            time: 2.57098
# Experiment: 325     config: 4087    instance: 325     result: 6.948470            time: 6.94847
# Experiment: 327     config: 4087    instance: 327     result: 7.422700            time: 7.42270
# Experiment: 340     config: 4087    instance: 340     result: 4.540760            time: 4.54076
# Experiment: 323     config: 4087    instance: 323     result: 7.923410            time: 7.92341
# Experiment: 338     config: 4087    instance: 338     result: 5.058020            time: 5.05802
# Experiment: 329     config: 4087    instance: 329     result: 4.156750            time: 4.15675
# Experiment: 341     config: 4087    instance: 341     result: 1.952780            time: 1.95278
# Experiment: 334     config: 4087    instance: 334     result: 8.619710            time: 8.61971
# Experiment: 331     config: 4087    instance: 331     result: 7.164880            time: 7.16488
# Experiment: 344     config: 4087    instance: 344     result: 3.274210            time: 3.27421
# Experiment: 345     config: 4087    instance: 345     result: 2.074160            time: 2.07416
# Experiment: 337     config: 4087    instance: 337     result: 6.648700            time: 6.64870
# Experiment: 336     config: 4087    instance: 336     result: 5.858240            time: 5.85824
# Experiment: 335     config: 4087    instance: 335     result: 7.081170            time: 7.08117
# Experiment: 348     config: 4087    instance: 348     result: 3.270590            time: 3.27059
# Experiment: 339     config: 4087    instance: 339     result: 6.164130            time: 6.16413
# Experiment: 332     config: 4087    instance: 332     result: 6.860530            time: 6.86053
# Experiment: 313     config: 4087    instance: 313     result: 22.789800           time: 22.78980
# Experiment: 328     config: 4087    instance: 328     result: 7.960600            time: 7.96060
# Experiment: 342     config: 4087    instance: 342     result: 7.623550            time: 7.62355
# Experiment: 347     config: 4087    instance: 347     result: 5.281980            time: 5.28198
# Experiment: 346     config: 4087    instance: 346     result: 5.925190            time: 5.92519
# Experiment: 354     config: 4087    instance: 354     result: 4.026020            time: 4.02602
# Experiment: 350     config: 4087    instance: 350     result: 4.335870            time: 4.33587
# Experiment: 349     config: 4087    instance: 349     result: 4.883100            time: 4.88310
# Experiment: 351     config: 4087    instance: 351     result: 2.746050            time: 2.74605
# Experiment: 357     config: 4087    instance: 357     result: 2.526250            time: 2.52625
# Experiment: 355     config: 4087    instance: 355     result: 7.547510            time: 7.54751
# Experiment: 360     config: 4087    instance: 360     result: 2.620310            time: 2.62031
# Experiment: 375     config: 4087    instance: 375     result: 1.317470            time: 1.31747
# Experiment: 358     config: 4087    instance: 358     result: 4.896360            time: 4.89636
# Experiment: 363     config: 4087    instance: 363     result: 3.930410            time: 3.93041
# Experiment: 374     config: 4087    instance: 374     result: 4.211660            time: 4.21166
# Experiment: 368     config: 4087    instance: 368     result: 3.008080            time: 3.00808
# Experiment: 353     config: 4087    instance: 353     result: 7.631330            time: 7.63133
# Experiment: 366     config: 4087    instance: 366     result: 3.554810            time: 3.55481
# Experiment: 356     config: 4087    instance: 356     result: 7.416830            time: 7.41683
# Experiment: 361     config: 4087    instance: 361     result: 9.285350            time: 9.28535
# Experiment: 343     config: 4087    instance: 343     result: 15.323300           time: 15.32330
# Experiment: 379     config: 4087    instance: 379     result: 4.539640            time: 4.53964
# Experiment: 369     config: 4087    instance: 369     result: 5.456000            time: 5.45600
# Experiment: 373     config: 4087    instance: 373     result: 6.429670            time: 6.42967
# Experiment: 359     config: 4087    instance: 359     result: 8.881360            time: 8.88136
# Experiment: 372     config: 4087    instance: 372     result: 6.628990            time: 6.62899
# Experiment: 367     config: 4087    instance: 367     result: 6.571670            time: 6.57167
# Experiment: 352     config: 4087    instance: 352     result: 13.085200           time: 13.08520
# Experiment: 376     config: 4087    instance: 376     result: 4.678000            time: 4.67800
# Experiment: 382     config: 4087    instance: 382     result: 3.920420            time: 3.92042
# Experiment: 387     config: 4087    instance: 387     result: 3.263590            time: 3.26359
# Experiment: 362     config: 4087    instance: 362     result: 13.723400           time: 13.72340
# Experiment: 381     config: 4087    instance: 381     result: 4.727630            time: 4.72763
# Experiment: 392     config: 4087    instance: 392     result: 2.431930            time: 2.43193
# Experiment: 380     config: 4087    instance: 380     result: 5.727190            time: 5.72719
# Experiment: 390     config: 4087    instance: 390     result: 4.061260            time: 4.06126
# Experiment: 388     config: 4087    instance: 388     result: 2.093100            time: 2.09310
# Experiment: 391     config: 4087    instance: 391     result: 3.229290            time: 3.22929
# Experiment: 389     config: 4087    instance: 389     result: 5.231820            time: 5.23182
# Experiment: 386     config: 4087    instance: 386     result: 3.365190            time: 3.36519
# Experiment: 394     config: 4087    instance: 394     result: 1.629060            time: 1.62906
# Experiment: 393     config: 4087    instance: 393     result: 4.447620            time: 4.44762
# Experiment: 370     config: 4087    instance: 370     result: 13.361100           time: 13.36110
# Experiment: 371     config: 4087    instance: 371     result: 17.442700           time: 17.44270
# Experiment: 378     config: 4087    instance: 378     result: 11.130900           time: 11.13090
# Experiment: 385     config: 4087    instance: 385     result: 7.337400            time: 7.33740
# Experiment: 364     config: 4087    instance: 364     result: 16.911900           time: 16.91190
# Experiment: 383     config: 4087    instance: 383     result: 13.796000           time: 13.79600
# Experiment: 395     config: 4087    instance: 395     result: 7.722780            time: 7.72278
# Experiment: 377     config: 4087    instance: 377     result: 11.503300           time: 11.50330
# Experiment: 396     config: 4087    instance: 396     result: 6.738690            time: 6.73869
# Experiment: 398     config: 4087    instance: 398     result: 4.209180            time: 4.20918
# Experiment: 384     config: 4087    instance: 384     result: 13.418500           time: 13.41850
# Experiment: 399     config: 4087    instance: 399     result: 3.732980            time: 3.73298
# Experiment: 404     config: 4087    instance: 404     result: 4.265740            time: 4.26574
# Experiment: 413     config: 4087    instance: 413     result: 3.137520            time: 3.13752
# Experiment: 397     config: 4087    instance: 397     result: 6.566100            time: 6.56610
# Experiment: 408     config: 4087    instance: 408     result: 6.290830            time: 6.29083
# Experiment: 423     config: 4087    instance: 423     result: 2.700470            time: 2.70047
# Experiment: 412     config: 4087    instance: 412     result: 6.462670            time: 6.46267
# Experiment: 419     config: 4087    instance: 419     result: 2.013450            time: 2.01345
# Experiment: 415     config: 4087    instance: 415     result: 5.511390            time: 5.51139
# Experiment: 411     config: 4087    instance: 411     result: 3.515690            time: 3.51569
# Experiment: 414     config: 4087    instance: 414     result: 4.482850            time: 4.48285
# Experiment: 406     config: 4087    instance: 406     result: 7.970350            time: 7.97035
# Experiment: 405     config: 4087    instance: 405     result: 8.301980            time: 8.30198
# Experiment: 402     config: 4087    instance: 402     result: 11.211300           time: 11.21130
# Experiment: 409     config: 4087    instance: 409     result: 5.358220            time: 5.35822
# Experiment: 424     config: 4087    instance: 424     result: 4.418430            time: 4.41843
# Experiment: 417     config: 4087    instance: 417     result: 2.456180            time: 2.45618
# Experiment: 401     config: 4087    instance: 401     result: 6.287580            time: 6.28758
# Experiment: 403     config: 4087    instance: 403     result: 7.435650            time: 7.43565
# Experiment: 430     config: 4087    instance: 430     result: 2.674230            time: 2.67423
# Experiment: 420     config: 4087    instance: 420     result: 3.415840            time: 3.41584
# Experiment: 421     config: 4087    instance: 421     result: 1.985440            time: 1.98544
# Experiment: 407     config: 4087    instance: 407     result: 10.235800           time: 10.23580
# Experiment: 400     config: 4087    instance: 400     result: 16.703900           time: 16.70390
# Experiment: 427     config: 4087    instance: 427     result: 3.119080            time: 3.11908
# Experiment: 426     config: 4087    instance: 426     result: 3.838870            time: 3.83887
# Experiment: 416     config: 4087    instance: 416     result: 7.932880            time: 7.93288
# Experiment: 425     config: 4087    instance: 425     result: 5.020740            time: 5.02074
# Experiment: 428     config: 4087    instance: 428     result: 2.507160            time: 2.50716
# Experiment: 436     config: 4087    instance: 436     result: 2.452210            time: 2.45221
# Experiment: 435     config: 4087    instance: 435     result: 2.812720            time: 2.81272
# Experiment: 429     config: 4087    instance: 429     result: 3.643170            time: 3.64317
# Experiment: 418     config: 4087    instance: 418     result: 6.755990            time: 6.75599
# Experiment: 440     config: 4087    instance: 440     result: 1.735840            time: 1.73584
# Experiment: 365     config: 4087    instance: 365     result: 32.636300           time: 32.63630
# Experiment: 438     config: 4087    instance: 438     result: 1.508050            time: 1.50805
# Experiment: 422     config: 4087    instance: 422     result: 8.184540            time: 8.18454
# Experiment: 431     config: 4087    instance: 431     result: 6.977580            time: 6.97758
# Experiment: 439     config: 4087    instance: 439     result: 3.738270            time: 3.73827
# Experiment: 434     config: 4087    instance: 434     result: 5.523590            time: 5.52359
# Experiment: 432     config: 4087    instance: 432     result: 5.484390            time: 5.48439
# Experiment: 446     config: 4087    instance: 446     result: 2.101550            time: 2.10155
# Experiment: 443     config: 4087    instance: 443     result: 1.532450            time: 1.53245
# Experiment: 447     config: 4087    instance: 447     result: 3.985300            time: 3.98530
# Experiment: 448     config: 4087    instance: 448     result: 5.147480            time: 5.14748
# Experiment: 410     config: 4087    instance: 410     result: 15.518600           time: 15.51860
# Experiment: 449     config: 4087    instance: 449     result: 5.213110            time: 5.21311
# Experiment: 452     config: 4087    instance: 452     result: 1.669990            time: 1.66999
# Experiment: 445     config: 4087    instance: 445     result: 7.734260            time: 7.73426
# Experiment: 442     config: 4087    instance: 442     result: 4.458560            time: 4.45856
# Experiment: 450     config: 4087    instance: 450     result: 2.760870            time: 2.76087
# Experiment: 444     config: 4087    instance: 444     result: 5.216730            time: 5.21673
# Experiment: 451     config: 4087    instance: 451     result: 4.959080            time: 4.95908
# Experiment: 460     config: 4087    instance: 460     result: 3.828540            time: 3.82854
# Experiment: 462     config: 4087    instance: 462     result: 3.925570            time: 3.92557
# Experiment: 464     config: 4087    instance: 464     result: 2.659260            time: 2.65926
# Experiment: 433     config: 4087    instance: 433     result: 13.587000           time: 13.58700
# Experiment: 459     config: 4087    instance: 459     result: 6.875140            time: 6.87514
# Experiment: 454     config: 4087    instance: 454     result: 3.475420            time: 3.47542
# Experiment: 453     config: 4087    instance: 453     result: 7.488510            time: 7.48851
# Experiment: 458     config: 4087    instance: 458     result: 2.953280            time: 2.95328
# Experiment: 455     config: 4087    instance: 455     result: 3.638470            time: 3.63847
# Experiment: 465     config: 4087    instance: 465     result: 1.410830            time: 1.41083
# Experiment: 461     config: 4087    instance: 461     result: 7.236010            time: 7.23601
# Experiment: 466     config: 4087    instance: 466     result: 4.181140            time: 4.18114
# Experiment: 441     config: 4087    instance: 441     result: 12.397000           time: 12.39700
# Experiment: 468     config: 4087    instance: 468     result: 6.072470            time: 6.07247
# Experiment: 467     config: 4087    instance: 467     result: 5.271460            time: 5.27146
# Experiment: 437     config: 4087    instance: 437     result: 18.967200           time: 18.96720
# Experiment: 463     config: 4087    instance: 463     result: 10.100700           time: 10.10070
# Experiment: 457     config: 4087    instance: 457     result: 10.676600           time: 10.67660
# Experiment: 472     config: 4087    instance: 472     result: 4.375950            time: 4.37595
# Experiment: 475     config: 4087    instance: 475     result: 3.295670            time: 3.29567
# Experiment: 473     config: 4087    instance: 473     result: 3.048160            time: 3.04816
# Experiment: 470     config: 4087    instance: 470     result: 5.195950            time: 5.19595
# Experiment: 478     config: 4087    instance: 478     result: 4.048240            time: 4.04824
# Experiment: 482     config: 4087    instance: 482     result: 1.541410            time: 1.54141
# Experiment: 474     config: 4087    instance: 474     result: 6.370190            time: 6.37019
# Experiment: 479     config: 4087    instance: 479     result: 4.276510            time: 4.27651
# Experiment: 484     config: 4087    instance: 484     result: 1.759300            time: 1.75930
# Experiment: 469     config: 4087    instance: 469     result: 10.090500           time: 10.09050
# Experiment: 486     config: 4087    instance: 486     result: 4.458300            time: 4.45830
# Experiment: 471     config: 4087    instance: 471     result: 8.169030            time: 8.16903
# Experiment: 456     config: 4087    instance: 456     result: 13.897000           time: 13.89700
# Experiment: 490     config: 4087    instance: 490     result: 6.315320            time: 6.31532
# Experiment: 480     config: 4087    instance: 480     result: 2.639250            time: 2.63925
# Experiment: 492     config: 4087    instance: 492     result: 3.932910            time: 3.93291
# Experiment: 476     config: 4087    instance: 476     result: 8.788890            time: 8.78889
# Experiment: 489     config: 4087    instance: 489     result: 7.567880            time: 7.56788
# Experiment: 497     config: 4087    instance: 497     result: 2.248160            time: 2.24816
# Experiment: 483     config: 4087    instance: 483     result: 8.210430            time: 8.21043
# Experiment: 491     config: 4087    instance: 491     result: 3.262480            time: 3.26248
# Experiment: 487     config: 4087    instance: 487     result: 6.875290            time: 6.87529
# Experiment: 477     config: 4087    instance: 477     result: 7.521440            time: 7.52144
# Experiment: 494     config: 4087    instance: 494     result: 2.334920            time: 2.33492
# Experiment: 488     config: 4087    instance: 488     result: 8.027240            time: 8.02724
# Experiment: 498     config: 4087    instance: 498     result: 4.161950            time: 4.16195
# Experiment: 509     config: 4087    instance: 509     result: 1.893590            time: 1.89359
# Experiment: 485     config: 4087    instance: 485     result: 9.867620            time: 9.86762
# Experiment: 507     config: 4087    instance: 507     result: 2.844610            time: 2.84461
# Experiment: 493     config: 4087    instance: 493     result: 5.872840            time: 5.87284
# Experiment: 502     config: 4087    instance: 502     result: 3.475130            time: 3.47513
# Experiment: 503     config: 4087    instance: 503     result: 5.067340            time: 5.06734
# Experiment: 504     config: 4087    instance: 504     result: 7.477630            time: 7.47763
# Experiment: 499     config: 4087    instance: 499     result: 5.188380            time: 5.18838
# Experiment: 506     config: 4087    instance: 506     result: 4.890280            time: 4.89028
# Experiment: 500     config: 4087    instance: 500     result: 5.479070            time: 5.47907
# Experiment: 515     config: 4087    instance: 515     result: 2.388990            time: 2.38899
# Experiment: 505     config: 4087    instance: 505     result: 10.640100           time: 10.64010
# Experiment: 510     config: 4087    instance: 510     result: 5.887180            time: 5.88718
# Experiment: 481     config: 4087    instance: 481     result: 17.116300           time: 17.11630
# Experiment: 512     config: 4087    instance: 512     result: 4.565700            time: 4.56570
# Experiment: 516     config: 4087    instance: 516     result: 3.353980            time: 3.35398
# Experiment: 519     config: 4087    instance: 519     result: 2.489860            time: 2.48986
# Experiment: 511     config: 4087    instance: 511     result: 9.348200            time: 9.34820
# Experiment: 524     config: 4087    instance: 524     result: 4.760950            time: 4.76095
# Experiment: 518     config: 4087    instance: 518     result: 4.637870            time: 4.63787
# Experiment: 520     config: 4087    instance: 520     result: 4.357770            time: 4.35777
# Experiment: 514     config: 4087    instance: 514     result: 6.069380            time: 6.06938
# Experiment: 526     config: 4087    instance: 526     result: 4.206080            time: 4.20608
# Experiment: 495     config: 4087    instance: 495     result: 12.559200           time: 12.55920
# Experiment: 501     config: 4087    instance: 501     result: 11.385000           time: 11.38500
# Experiment: 523     config: 4087    instance: 523     result: 5.348490            time: 5.34849
# Experiment: 521     config: 4087    instance: 521     result: 7.349940            time: 7.34994
# Experiment: 496     config: 4087    instance: 496     result: 17.724100           time: 17.72410
# Experiment: 522     config: 4087    instance: 522     result: 11.091000           time: 11.09100
# Experiment: 531     config: 4087    instance: 531     result: 4.620580            time: 4.62058
# Experiment: 535     config: 4087    instance: 535     result: 2.707430            time: 2.70743
# Experiment: 508     config: 4087    instance: 508     result: 13.094000           time: 13.09400
# Experiment: 538     config: 4087    instance: 538     result: 4.538270            time: 4.53827
# Experiment: 537     config: 4087    instance: 537     result: 3.778950            time: 3.77895
# Experiment: 534     config: 4087    instance: 534     result: 4.513850            time: 4.51385
# Experiment: 539     config: 4087    instance: 539     result: 1.894190            time: 1.89419
# Experiment: 528     config: 4087    instance: 528     result: 6.048250            time: 6.04825
# Experiment: 527     config: 4087    instance: 527     result: 7.319700            time: 7.31970
# Experiment: 529     config: 4087    instance: 529     result: 8.158550            time: 8.15855
# Experiment: 517     config: 4087    instance: 517     result: 11.332600           time: 11.33260
# Experiment: 513     config: 4087    instance: 513     result: 11.656800           time: 11.65680
# Experiment: 530     config: 4087    instance: 530     result: 11.605300           time: 11.60530
# Experiment: 540     config: 4087    instance: 540     result: 6.977870            time: 6.97787
# Experiment: 545     config: 4087    instance: 545     result: 1.740620            time: 1.74062
# Experiment: 532     config: 4087    instance: 532     result: 8.135230            time: 8.13523
# Experiment: 549     config: 4087    instance: 549     result: 2.675810            time: 2.67581
# Experiment: 548     config: 4087    instance: 548     result: 3.279670            time: 3.27967
# Experiment: 547     config: 4087    instance: 547     result: 3.564810            time: 3.56481
# Experiment: 541     config: 4087    instance: 541     result: 3.754160            time: 3.75416
# Experiment: 554     config: 4087    instance: 554     result: 3.147760            time: 3.14776
# Experiment: 546     config: 4087    instance: 546     result: 4.077390            time: 4.07739
# Experiment: 536     config: 4087    instance: 536     result: 11.373300           time: 11.37330
# Experiment: 553     config: 4087    instance: 553     result: 5.427380            time: 5.42738
# Experiment: 556     config: 4087    instance: 556     result: 4.198620            time: 4.19862
# Experiment: 562     config: 4087    instance: 562     result: 2.661490            time: 2.66149
# Experiment: 543     config: 4087    instance: 543     result: 7.993550            time: 7.99355
# Experiment: 564     config: 4087    instance: 564     result: 3.944560            time: 3.94456
# Experiment: 563     config: 4087    instance: 563     result: 5.492370            time: 5.49237
# Experiment: 561     config: 4087    instance: 561     result: 4.516970            time: 4.51697
# Experiment: 552     config: 4087    instance: 552     result: 10.494100           time: 10.49410
# Experiment: 551     config: 4087    instance: 551     result: 6.894780            time: 6.89478
# Experiment: 550     config: 4087    instance: 550     result: 9.452060            time: 9.45206
# Experiment: 557     config: 4087    instance: 557     result: 5.671110            time: 5.67111
# Experiment: 559     config: 4087    instance: 559     result: 7.524640            time: 7.52464
# Experiment: 544     config: 4087    instance: 544     result: 10.319000           time: 10.31900
# Experiment: 571     config: 4087    instance: 571     result: 1.464540            time: 1.46454
# Experiment: 568     config: 4087    instance: 568     result: 4.292730            time: 4.29273
# Experiment: 572     config: 4087    instance: 572     result: 4.342620            time: 4.34262
# Experiment: 573     config: 4087    instance: 573     result: 3.257660            time: 3.25766
# Experiment: 525     config: 4087    instance: 525     result: 25.101800           time: 25.10180
# Experiment: 575     config: 4087    instance: 575     result: 2.652090            time: 2.65209
# Experiment: 560     config: 4087    instance: 560     result: 8.892470            time: 8.89247
# Experiment: 566     config: 4087    instance: 566     result: 11.111800           time: 11.11180
# Experiment: 577     config: 4087    instance: 577     result: 2.207070            time: 2.20707
# Experiment: 584     config: 4087    instance: 584     result: 2.889600            time: 2.88960
# Experiment: 565     config: 4087    instance: 565     result: 10.869200           time: 10.86920
# Experiment: 574     config: 4087    instance: 574     result: 5.548760            time: 5.54876
# Experiment: 533     config: 4087    instance: 533     result: 20.722700           time: 20.72270
# Experiment: 578     config: 4087    instance: 578     result: 5.932750            time: 5.93275
# Experiment: 570     config: 4087    instance: 570     result: 8.685550            time: 8.68555
# Experiment: 567     config: 4087    instance: 567     result: 8.881420            time: 8.88142
# Experiment: 555     config: 4087    instance: 555     result: 20.785600           time: 20.78560
# Experiment: 558     config: 4087    instance: 558     result: 13.822200           time: 13.82220
# Experiment: 590     config: 4087    instance: 590     result: 3.776290            time: 3.77629
# Experiment: 569     config: 4087    instance: 569     result: 9.638650            time: 9.63865
# Experiment: 582     config: 4087    instance: 582     result: 5.306240            time: 5.30624
# Experiment: 580     config: 4087    instance: 580     result: 3.320840            time: 3.32084
# Experiment: 587     config: 4087    instance: 587     result: 4.505510            time: 4.50551
# Experiment: 592     config: 4087    instance: 592     result: 3.785640            time: 3.78564
# Experiment: 576     config: 4087    instance: 576     result: 5.329020            time: 5.32902
# Experiment: 579     config: 4087    instance: 579     result: 6.137820            time: 6.13782
# Experiment: 588     config: 4087    instance: 588     result: 5.205490            time: 5.20549
# Experiment: 586     config: 4087    instance: 586     result: 6.830330            time: 6.83033
# Experiment: 591     config: 4087    instance: 591     result: 4.788630            time: 4.78863
# Experiment: 594     config: 4087    instance: 594     result: 4.153920            time: 4.15392
# Experiment: 595     config: 4087    instance: 595     result: 5.686210            time: 5.68621
# Experiment: 593     config: 4087    instance: 593     result: 7.006990            time: 7.00699
# Experiment: 581     config: 4087    instance: 581     result: 11.649400           time: 11.64940
# Experiment: 585     config: 4087    instance: 585     result: 8.055040            time: 8.05504
# Experiment: 601     config: 4087    instance: 601     result: 3.874280            time: 3.87428
# Experiment: 613     config: 4087    instance: 613     result: 1.895130            time: 1.89513
# Experiment: 607     config: 4087    instance: 607     result: 2.870360            time: 2.87036
# Experiment: 609     config: 4087    instance: 609     result: 5.438050            time: 5.43805
# Experiment: 583     config: 4087    instance: 583     result: 14.178500           time: 14.17850
# Experiment: 599     config: 4087    instance: 599     result: 3.716070            time: 3.71607
# Experiment: 598     config: 4087    instance: 598     result: 6.865390            time: 6.86539
# Experiment: 605     config: 4087    instance: 605     result: 3.626000            time: 3.62600
# Experiment: 597     config: 4087    instance: 597     result: 6.981110            time: 6.98111
# Experiment: 589     config: 4087    instance: 589     result: 13.723900           time: 13.72390
# Experiment: 600     config: 4087    instance: 600     result: 4.498820            time: 4.49882
# Experiment: 602     config: 4087    instance: 602     result: 8.231760            time: 8.23176
# Experiment: 596     config: 4087    instance: 596     result: 10.272500           time: 10.27250
# Experiment: 542     config: 4087    instance: 542     result: 35.110000           time: 35.11000
# Experiment: 604     config: 4087    instance: 604     result: 4.950340            time: 4.95034
# Experiment: 617     config: 4087    instance: 617     result: 4.805600            time: 4.80560
# Experiment: 608     config: 4087    instance: 608     result: 7.800400            time: 7.80040
# Experiment: 614     config: 4087    instance: 614     result: 8.998070            time: 8.99807
# Experiment: 619     config: 4087    instance: 619     result: 3.770470            time: 3.77047
# Experiment: 611     config: 4087    instance: 611     result: 8.200120            time: 8.20012
# Experiment: 606     config: 4087    instance: 606     result: 11.401100           time: 11.40110
# Experiment: 616     config: 4087    instance: 616     result: 6.262300            time: 6.26230
# Experiment: 618     config: 4087    instance: 618     result: 5.652790            time: 5.65279
# Experiment: 603     config: 4087    instance: 603     result: 10.871900           time: 10.87190
# Experiment: 612     config: 4087    instance: 612     result: 12.863800           time: 12.86380
# Experiment: 620     config: 4087    instance: 620     result: 4.252340            time: 4.25234
# Experiment: 610     config: 4087    instance: 610     result: 11.011100           time: 11.01110
# Experiment: 615     config: 4087    instance: 615     result: 11.679700           time: 11.67970
# Experiment: 622     config: 4087    instance: 622     result: 4.791410            time: 4.79141
# Experiment: 632     config: 4087    instance: 632     result: 4.190810            time: 4.19081
# Experiment: 634     config: 4087    instance: 634     result: 5.638160            time: 5.63816
# Experiment: 623     config: 4087    instance: 623     result: 4.895990            time: 4.89599
# Experiment: 639     config: 4087    instance: 639     result: 2.116670            time: 2.11667
# Experiment: 636     config: 4087    instance: 636     result: 1.781290            time: 1.78129
# Experiment: 631     config: 4087    instance: 631     result: 5.574660            time: 5.57466
# Experiment: 627     config: 4087    instance: 627     result: 3.468780            time: 3.46878
# Experiment: 630     config: 4087    instance: 630     result: 5.017390            time: 5.01739
# Experiment: 635     config: 4087    instance: 635     result: 3.399380            time: 3.39938
# Experiment: 624     config: 4087    instance: 624     result: 6.792670            time: 6.79267
# Experiment: 628     config: 4087    instance: 628     result: 4.542790            time: 4.54279
# Experiment: 638     config: 4087    instance: 638     result: 3.389580            time: 3.38958
# Experiment: 626     config: 4087    instance: 626     result: 7.660460            time: 7.66046
# Experiment: 633     config: 4087    instance: 633     result: 9.473430            time: 9.47343
# Experiment: 641     config: 4087    instance: 641     result: 4.432800            time: 4.43280
# Experiment: 640     config: 4087    instance: 640     result: 4.821820            time: 4.82182
# Experiment: 637     config: 4087    instance: 637     result: 6.903600            time: 6.90360
# Experiment: 621     config: 4087    instance: 621     result: 13.387400           time: 13.38740
# Experiment: 644     config: 4087    instance: 644     result: 6.010570            time: 6.01057
# Experiment: 649     config: 4087    instance: 649     result: 5.414070            time: 5.41407
# Experiment: 647     config: 4087    instance: 647     result: 5.300680            time: 5.30068
# Experiment: 651     config: 4087    instance: 651     result: 2.963810            time: 2.96381
# Experiment: 643     config: 4087    instance: 643     result: 3.872370            time: 3.87237
# Experiment: 629     config: 4087    instance: 629     result: 13.730400           time: 13.73040
# Experiment: 646     config: 4087    instance: 646     result: 8.510170            time: 8.51017
# Experiment: 645     config: 4087    instance: 645     result: 4.960480            time: 4.96048
# Experiment: 650     config: 4087    instance: 650     result: 6.253880            time: 6.25388
# Experiment: 661     config: 4087    instance: 661     result: 3.783890            time: 3.78389
# Experiment: 662     config: 4087    instance: 662     result: 2.675330            time: 2.67533
# Experiment: 658     config: 4087    instance: 658     result: 3.394490            time: 3.39449
# Experiment: 656     config: 4087    instance: 656     result: 6.730210            time: 6.73021
# Experiment: 655     config: 4087    instance: 655     result: 5.000730            time: 5.00073
# Experiment: 653     config: 4087    instance: 653     result: 5.058020            time: 5.05802
# Experiment: 657     config: 4087    instance: 657     result: 6.332070            time: 6.33207
# Experiment: 660     config: 4087    instance: 660     result: 4.732030            time: 4.73203
# Experiment: 625     config: 4087    instance: 625     result: 19.461000           time: 19.46100
# Experiment: 667     config: 4087    instance: 667     result: 3.394440            time: 3.39444
# Experiment: 654     config: 4087    instance: 654     result: 8.022410            time: 8.02241
# Experiment: 664     config: 4087    instance: 664     result: 4.570420            time: 4.57042
# Experiment: 669     config: 4087    instance: 669     result: 5.462830            time: 5.46283
# Experiment: 652     config: 4087    instance: 652     result: 11.272500           time: 11.27250
# Experiment: 677     config: 4087    instance: 677     result: 3.259550            time: 3.25955
# Experiment: 668     config: 4087    instance: 668     result: 4.586190            time: 4.58619
# Experiment: 676     config: 4087    instance: 676     result: 4.586100            time: 4.58610
# Experiment: 671     config: 4087    instance: 671     result: 4.364290            time: 4.36429
# Experiment: 642     config: 4087    instance: 642     result: 17.092700           time: 17.09270
# Experiment: 681     config: 4087    instance: 681     result: 1.349080            time: 1.34908
# Experiment: 673     config: 4087    instance: 673     result: 4.403170            time: 4.40317
# Experiment: 675     config: 4087    instance: 675     result: 3.773920            time: 3.77392
# Experiment: 659     config: 4087    instance: 659     result: 9.016460            time: 9.01646
# Experiment: 665     config: 4087    instance: 665     result: 8.349960            time: 8.34996
# Experiment: 672     config: 4087    instance: 672     result: 4.641520            time: 4.64152
# Experiment: 674     config: 4087    instance: 674     result: 6.635220            time: 6.63522
# Experiment: 678     config: 4087    instance: 678     result: 9.959670            time: 9.95967
# Experiment: 663     config: 4087    instance: 663     result: 12.847300           time: 12.84730
# Experiment: 691     config: 4087    instance: 691     result: 3.276350            time: 3.27635
# Experiment: 690     config: 4087    instance: 690     result: 0.919443            time: 0.91944
# Experiment: 679     config: 4087    instance: 679     result: 6.681510            time: 6.68151
# Experiment: 666     config: 4087    instance: 666     result: 9.330230            time: 9.33023
# Experiment: 685     config: 4087    instance: 685     result: 2.323720            time: 2.32372
# Experiment: 688     config: 4087    instance: 688     result: 4.184950            time: 4.18495
# Experiment: 648     config: 4087    instance: 648     result: 18.635600           time: 18.63560
# Experiment: 684     config: 4087    instance: 684     result: 5.160950            time: 5.16095
# Experiment: 683     config: 4087    instance: 683     result: 5.452180            time: 5.45218
# Experiment: 682     config: 4087    instance: 682     result: 5.661240            time: 5.66124
# Experiment: 670     config: 4087    instance: 670     result: 17.642200           time: 17.64220
# Experiment: 689     config: 4087    instance: 689     result: 5.827920            time: 5.82792
# Experiment: 694     config: 4087    instance: 694     result: 2.915640            time: 2.91564
# Experiment: 680     config: 4087    instance: 680     result: 8.302660            time: 8.30266
# Experiment: 698     config: 4087    instance: 698     result: 4.336700            time: 4.33670
# Experiment: 693     config: 4087    instance: 693     result: 5.139470            time: 5.13947
# Experiment: 692     config: 4087    instance: 692     result: 5.861300            time: 5.86130
# Experiment: 701     config: 4087    instance: 701     result: 3.035970            time: 3.03597
# Experiment: 708     config: 4087    instance: 708     result: 1.665860            time: 1.66586
# Experiment: 703     config: 4087    instance: 703     result: 2.601230            time: 2.60123
# Experiment: 695     config: 4087    instance: 695     result: 5.193800            time: 5.19380
# Experiment: 700     config: 4087    instance: 700     result: 4.260220            time: 4.26022
# Experiment: 721     config: 4087    instance: 721     result: 2.510150            time: 2.51015
# Experiment: 705     config: 4087    instance: 705     result: 3.970810            time: 3.97081
# Experiment: 704     config: 4087    instance: 704     result: 2.850250            time: 2.85025
# Experiment: 712     config: 4087    instance: 712     result: 3.460290            time: 3.46029
# Experiment: 697     config: 4087    instance: 697     result: 11.537500           time: 11.53750
# Experiment: 702     config: 4087    instance: 702     result: 6.347880            time: 6.34788
# Experiment: 699     config: 4087    instance: 699     result: 6.408380            time: 6.40838
# Experiment: 687     config: 4087    instance: 687     result: 12.338000           time: 12.33800
# Experiment: 706     config: 4087    instance: 706     result: 4.348280            time: 4.34828
# Experiment: 710     config: 4087    instance: 710     result: 6.086550            time: 6.08655
# Experiment: 722     config: 4087    instance: 722     result: 3.266670            time: 3.26667
# Experiment: 711     config: 4087    instance: 711     result: 6.195770            time: 6.19577
# Experiment: 696     config: 4087    instance: 696     result: 14.181600           time: 14.18160
# Experiment: 714     config: 4087    instance: 714     result: 6.694850            time: 6.69485
# Experiment: 707     config: 4087    instance: 707     result: 10.905400           time: 10.90540
# Experiment: 720     config: 4087    instance: 720     result: 5.561220            time: 5.56122
# Experiment: 719     config: 4087    instance: 719     result: 2.786590            time: 2.78659
# Experiment: 709     config: 4087    instance: 709     result: 4.893770            time: 4.89377
# Experiment: 713     config: 4087    instance: 713     result: 7.852410            time: 7.85241
# Experiment: 715     config: 4087    instance: 715     result: 7.751340            time: 7.75134
# Experiment: 717     config: 4087    instance: 717     result: 7.305910            time: 7.30591
# Experiment: 716     config: 4087    instance: 716     result: 5.396280            time: 5.39628
# Experiment: 718     config: 4087    instance: 718     result: 8.881190            time: 8.88119
# Experiment: 723     config: 4087    instance: 723     result: 5.841090            time: 5.84109
# Experiment: 724     config: 4087    instance: 724     result: 3.870840            time: 3.87084
# Experiment: 686     config: 4087    instance: 686     result: 21.624800           time: 21.62480
# Experiment: 733     config: 4087    instance: 733     result: 1.572910            time: 1.57291
# Experiment: 734     config: 4087    instance: 734     result: 3.332510            time: 3.33251
# Experiment: 730     config: 4087    instance: 730     result: 3.302430            time: 3.30243
# Experiment: 725     config: 4087    instance: 725     result: 6.644400            time: 6.64440
# Experiment: 741     config: 4087    instance: 741     result: 1.718750            time: 1.71875
# Experiment: 726     config: 4087    instance: 726     result: 4.107930            time: 4.10793
# Experiment: 748     config: 4087    instance: 748     result: 1.979530            time: 1.97953
# Experiment: 729     config: 4087    instance: 729     result: 5.836870            time: 5.83687
# Experiment: 735     config: 4087    instance: 735     result: 4.090520            time: 4.09052
# Experiment: 746     config: 4087    instance: 746     result: 3.902540            time: 3.90254
# Experiment: 728     config: 4087    instance: 728     result: 9.221870            time: 9.22187
# Experiment: 727     config: 4087    instance: 727     result: 6.530220            time: 6.53022
# Experiment: 731     config: 4087    instance: 731     result: 9.323900            time: 9.32390
# Experiment: 755     config: 4087    instance: 755     result: 3.036490            time: 3.03649
# Experiment: 750     config: 4087    instance: 750     result: 4.030440            time: 4.03044
# Experiment: 739     config: 4087    instance: 739     result: 3.370580            time: 3.37058
# Experiment: 752     config: 4087    instance: 752     result: 3.350500            time: 3.35050
# Experiment: 754     config: 4087    instance: 754     result: 2.738200            time: 2.73820
# Experiment: 751     config: 4087    instance: 751     result: 4.794540            time: 4.79454
# Experiment: 737     config: 4087    instance: 737     result: 6.188680            time: 6.18868
# Experiment: 749     config: 4087    instance: 749     result: 4.739690            time: 4.73969
# Experiment: 738     config: 4087    instance: 738     result: 5.148830            time: 5.14883
# Experiment: 736     config: 4087    instance: 736     result: 6.185000            time: 6.18500
# Experiment: 742     config: 4087    instance: 742     result: 8.428530            time: 8.42853
# Experiment: 753     config: 4087    instance: 753     result: 6.319840            time: 6.31984
# Experiment: 756     config: 4087    instance: 756     result: 3.029010            time: 3.02901
# Experiment: 740     config: 4087    instance: 740     result: 6.070300            time: 6.07030
# Experiment: 732     config: 4087    instance: 732     result: 8.352460            time: 8.35246
# Experiment: 747     config: 4087    instance: 747     result: 5.519430            time: 5.51943
# Experiment: 764     config: 4087    instance: 764     result: 2.005870            time: 2.00587
# Experiment: 762     config: 4087    instance: 762     result: 3.363240            time: 3.36324
# Experiment: 757     config: 4087    instance: 757     result: 2.696350            time: 2.69635
# Experiment: 758     config: 4087    instance: 758     result: 5.332190            time: 5.33219
# Experiment: 769     config: 4087    instance: 769     result: 1.258850            time: 1.25885
# Experiment: 761     config: 4087    instance: 761     result: 5.139860            time: 5.13986
# Experiment: 763     config: 4087    instance: 763     result: 3.907380            time: 3.90738
# Experiment: 765     config: 4087    instance: 765     result: 4.325130            time: 4.32513
# Experiment: 766     config: 4087    instance: 766     result: 2.597120            time: 2.59712
# Experiment: 760     config: 4087    instance: 760     result: 7.459310            time: 7.45931
# Experiment: 775     config: 4087    instance: 775     result: 1.633280            time: 1.63328
# Experiment: 768     config: 4087    instance: 768     result: 3.409470            time: 3.40947
# Experiment: 773     config: 4087    instance: 773     result: 4.962780            time: 4.96278
# Experiment: 767     config: 4087    instance: 767     result: 2.626800            time: 2.62680
# Experiment: 745     config: 4087    instance: 745     result: 14.346100           time: 14.34610
# Experiment: 759     config: 4087    instance: 759     result: 9.191240            time: 9.19124
# Experiment: 774     config: 4087    instance: 774     result: 4.714320            time: 4.71432
# Experiment: 744     config: 4087    instance: 744     result: 18.818500           time: 18.81850
# Experiment: 783     config: 4087    instance: 783     result: 2.545160            time: 2.54516
# Experiment: 770     config: 4087    instance: 770     result: 5.479420            time: 5.47942
# Experiment: 781     config: 4087    instance: 781     result: 4.414860            time: 4.41486
# Experiment: 771     config: 4087    instance: 771     result: 7.834200            time: 7.83420
# Experiment: 743     config: 4087    instance: 743     result: 17.479600           time: 17.47960
# Experiment: 779     config: 4087    instance: 779     result: 4.522120            time: 4.52212
# Experiment: 780     config: 4087    instance: 780     result: 4.754280            time: 4.75428
# Experiment: 782     config: 4087    instance: 782     result: 3.129980            time: 3.12998
# Experiment: 785     config: 4087    instance: 785     result: 4.765820            time: 4.76582
# Experiment: 784     config: 4087    instance: 784     result: 4.908260            time: 4.90826
# Experiment: 778     config: 4087    instance: 778     result: 9.323990            time: 9.32399
# Experiment: 777     config: 4087    instance: 777     result: 7.303630            time: 7.30363
# Experiment: 788     config: 4087    instance: 788     result: 3.267180            time: 3.26718
# Experiment: 795     config: 4087    instance: 795     result: 4.077720            time: 4.07772
# Experiment: 792     config: 4087    instance: 792     result: 1.537420            time: 1.53742
# Experiment: 799     config: 4087    instance: 799     result: 2.413120            time: 2.41312
# Experiment: 796     config: 4087    instance: 796     result: 3.338480            time: 3.33848
# Experiment: 791     config: 4087    instance: 791     result: 4.674420            time: 4.67442
# Experiment: 776     config: 4087    instance: 776     result: 7.884340            time: 7.88434
# Experiment: 802     config: 4087    instance: 802     result: 3.138260            time: 3.13826
# Experiment: 804     config: 4087    instance: 804     result: 3.795560            time: 3.79556
# Experiment: 793     config: 4087    instance: 793     result: 4.588570            time: 4.58857
# Experiment: 800     config: 4087    instance: 800     result: 4.045310            time: 4.04531
# Experiment: 787     config: 4087    instance: 787     result: 8.186700            time: 8.18670
# Experiment: 806     config: 4087    instance: 806     result: 4.893460            time: 4.89346
# Experiment: 805     config: 4087    instance: 805     result: 2.497170            time: 2.49717
# Experiment: 808     config: 4087    instance: 808     result: 2.698600            time: 2.69860
# Experiment: 801     config: 4087    instance: 801     result: 7.201300            time: 7.20130
# Experiment: 794     config: 4087    instance: 794     result: 4.876530            time: 4.87653
# Experiment: 809     config: 4087    instance: 809     result: 2.984020            time: 2.98402
# Experiment: 790     config: 4087    instance: 790     result: 8.601130            time: 8.60113
# Experiment: 789     config: 4087    instance: 789     result: 7.295770            time: 7.29577
# Experiment: 797     config: 4087    instance: 797     result: 8.135740            time: 8.13574
# Experiment: 811     config: 4087    instance: 811     result: 3.540880            time: 3.54088
# Experiment: 813     config: 4087    instance: 813     result: 2.401630            time: 2.40163
# Experiment: 807     config: 4087    instance: 807     result: 6.601830            time: 6.60183
# Experiment: 772     config: 4087    instance: 772     result: 18.326900           time: 18.32690
# Experiment: 810     config: 4087    instance: 810     result: 5.553920            time: 5.55392
# Experiment: 815     config: 4087    instance: 815     result: 3.258600            time: 3.25860
# Experiment: 803     config: 4087    instance: 803     result: 7.464320            time: 7.46432
# Experiment: 812     config: 4087    instance: 812     result: 6.423200            time: 6.42320
# Experiment: 814     config: 4087    instance: 814     result: 5.917050            time: 5.91705
# Experiment: 798     config: 4087    instance: 798     result: 13.230400           time: 13.23040
# Experiment: 816     config: 4087    instance: 816     result: 4.855020            time: 4.85502
# Experiment: 817     config: 4087    instance: 817     result: 5.010040            time: 5.01004
# Experiment: 823     config: 4087    instance: 823     result: 3.377770            time: 3.37777
# Experiment: 825     config: 4087    instance: 825     result: 2.973500            time: 2.97350
# Experiment: 818     config: 4087    instance: 818     result: 3.951730            time: 3.95173
# Experiment: 835     config: 4087    instance: 835     result: 1.140630            time: 1.14063
# Experiment: 822     config: 4087    instance: 822     result: 2.951860            time: 2.95186
# Experiment: 831     config: 4087    instance: 831     result: 2.542290            time: 2.54229
# Experiment: 820     config: 4087    instance: 820     result: 4.181810            time: 4.18181
# Experiment: 821     config: 4087    instance: 821     result: 9.441450            time: 9.44145
# Experiment: 829     config: 4087    instance: 829     result: 1.299860            time: 1.29986
# Experiment: 826     config: 4087    instance: 826     result: 5.046550            time: 5.04655
# Experiment: 819     config: 4087    instance: 819     result: 8.003420            time: 8.00342
# Experiment: 827     config: 4087    instance: 827     result: 5.167890            time: 5.16789
# Experiment: 834     config: 4087    instance: 834     result: 2.232990            time: 2.23299
# Experiment: 842     config: 4087    instance: 842     result: 3.114590            time: 3.11459
# Experiment: 824     config: 4087    instance: 824     result: 9.230320            time: 9.23032
# Experiment: 844     config: 4087    instance: 844     result: 1.693600            time: 1.69360
# Experiment: 830     config: 4087    instance: 830     result: 5.362470            time: 5.36247
# Experiment: 840     config: 4087    instance: 840     result: 3.624680            time: 3.62468
# Experiment: 828     config: 4087    instance: 828     result: 9.155540            time: 9.15554
# Experiment: 841     config: 4087    instance: 841     result: 5.456020            time: 5.45602
# Experiment: 843     config: 4087    instance: 843     result: 7.463250            time: 7.46325
# Experiment: 838     config: 4087    instance: 838     result: 4.921510            time: 4.92151
# Experiment: 837     config: 4087    instance: 837     result: 5.074020            time: 5.07402
# Experiment: 839     config: 4087    instance: 839     result: 6.003760            time: 6.00376
# Experiment: 832     config: 4087    instance: 832     result: 9.124650            time: 9.12465
# Experiment: 856     config: 4087    instance: 856     result: 2.399390            time: 2.39939
# Experiment: 848     config: 4087    instance: 848     result: 3.988350            time: 3.98835
# Experiment: 851     config: 4087    instance: 851     result: 3.832400            time: 3.83240
# Experiment: 849     config: 4087    instance: 849     result: 2.813280            time: 2.81328
# Experiment: 836     config: 4087    instance: 836     result: 8.976020            time: 8.97602
# Experiment: 855     config: 4087    instance: 855     result: 2.398270            time: 2.39827
# Experiment: 845     config: 4087    instance: 845     result: 9.314500            time: 9.31450
# Experiment: 850     config: 4087    instance: 850     result: 6.331550            time: 6.33155
# Experiment: 852     config: 4087    instance: 852     result: 4.943480            time: 4.94348
# Experiment: 853     config: 4087    instance: 853     result: 4.537630            time: 4.53763
# Experiment: 833     config: 4087    instance: 833     result: 14.199100           time: 14.19910
# Experiment: 847     config: 4087    instance: 847     result: 8.116120            time: 8.11612
# Experiment: 854     config: 4087    instance: 854     result: 6.466970            time: 6.46697
# Experiment: 861     config: 4087    instance: 861     result: 3.000720            time: 3.00072
# Experiment: 860     config: 4087    instance: 860     result: 5.965520            time: 5.96552
# Experiment: 859     config: 4087    instance: 859     result: 5.545210            time: 5.54521
# Experiment: 786     config: 4087    instance: 786     result: 34.178400           time: 34.17840
# Experiment: 873     config: 4087    instance: 873     result: 2.160490            time: 2.16049
# Experiment: 857     config: 4087    instance: 857     result: 7.055410            time: 7.05541
# Experiment: 862     config: 4087    instance: 862     result: 4.321730            time: 4.32173
# Experiment: 846     config: 4087    instance: 846     result: 10.660800           time: 10.66080
# Experiment: 867     config: 4087    instance: 867     result: 3.810720            time: 3.81072
# Experiment: 868     config: 4087    instance: 868     result: 3.512030            time: 3.51203
# Experiment: 858     config: 4087    instance: 858     result: 9.736370            time: 9.73637
# Experiment: 878     config: 4087    instance: 878     result: 2.671330            time: 2.67133
# Experiment: 866     config: 4087    instance: 866     result: 3.856200            time: 3.85620
# Experiment: 870     config: 4087    instance: 870     result: 5.949980            time: 5.94998
# Experiment: 879     config: 4087    instance: 879     result: 2.788000            time: 2.78800
# Experiment: 875     config: 4087    instance: 875     result: 4.387740            time: 4.38774
# Experiment: 863     config: 4087    instance: 863     result: 8.659280            time: 8.65928
# Experiment: 869     config: 4087    instance: 869     result: 7.192750            time: 7.19275
# Experiment: 877     config: 4087    instance: 877     result: 8.342620            time: 8.34262
# Experiment: 874     config: 4087    instance: 874     result: 6.331530            time: 6.33153
# Experiment: 887     config: 4087    instance: 887     result: 2.994520            time: 2.99452
# Experiment: 876     config: 4087    instance: 876     result: 6.073530            time: 6.07353
# Experiment: 888     config: 4087    instance: 888     result: 3.985690            time: 3.98569
# Experiment: 883     config: 4087    instance: 883     result: 2.626540            time: 2.62654
# Experiment: 872     config: 4087    instance: 872     result: 9.318770            time: 9.31877
# Experiment: 871     config: 4087    instance: 871     result: 8.418320            time: 8.41832
# Experiment: 884     config: 4087    instance: 884     result: 4.279440            time: 4.27944
# Experiment: 865     config: 4087    instance: 865     result: 10.963800           time: 10.96380
# Experiment: 880     config: 4087    instance: 880     result: 6.970250            time: 6.97025
# Experiment: 894     config: 4087    instance: 894     result: 2.942660            time: 2.94266
# Experiment: 864     config: 4087    instance: 864     result: 13.332900           time: 13.33290
# Experiment: 890     config: 4087    instance: 890     result: 4.730130            time: 4.73013
# Experiment: 899     config: 4087    instance: 899     result: 2.091020            time: 2.09102
# Experiment: 882     config: 4087    instance: 882     result: 7.013780            time: 7.01378
# Experiment: 897     config: 4087    instance: 897     result: 3.468290            time: 3.46829
# Experiment: 891     config: 4087    instance: 891     result: 8.736740            time: 8.73674
# Experiment: 901     config: 4087    instance: 901     result: 3.178500            time: 3.17850
# Experiment: 893     config: 4087    instance: 893     result: 9.321510            time: 9.32151
# Experiment: 896     config: 4087    instance: 896     result: 4.191360            time: 4.19136
# Experiment: 886     config: 4087    instance: 886     result: 7.887680            time: 7.88768
# Experiment: 889     config: 4087    instance: 889     result: 9.783080            time: 9.78308
# Experiment: 892     config: 4087    instance: 892     result: 7.688580            time: 7.68858
# Experiment: 908     config: 4087    instance: 908     result: 3.015270            time: 3.01527
# Experiment: 895     config: 4087    instance: 895     result: 8.282220            time: 8.28222
# Experiment: 910     config: 4087    instance: 910     result: 2.630080            time: 2.63008
# Experiment: 903     config: 4087    instance: 903     result: 10.664200           time: 10.66420
# Experiment: 885     config: 4087    instance: 885     result: 16.556900           time: 16.55690
# Experiment: 911     config: 4087    instance: 911     result: 3.145860            time: 3.14586
# Experiment: 906     config: 4087    instance: 906     result: 4.167530            time: 4.16753
# Experiment: 902     config: 4087    instance: 902     result: 7.036630            time: 7.03663
# Experiment: 909     config: 4087    instance: 909     result: 4.878350            time: 4.87835
# Experiment: 905     config: 4087    instance: 905     result: 6.697130            time: 6.69713
# Experiment: 898     config: 4087    instance: 898     result: 8.067630            time: 8.06763
# Experiment: 915     config: 4087    instance: 915     result: 5.548200            time: 5.54820
# Experiment: 904     config: 4087    instance: 904     result: 7.922490            time: 7.92249
# Experiment: 916     config: 4087    instance: 916     result: 5.318230            time: 5.31823
# Experiment: 917     config: 4087    instance: 917     result: 4.990900            time: 4.99090
# Experiment: 919     config: 4087    instance: 919     result: 3.991800            time: 3.99180
# Experiment: 913     config: 4087    instance: 913     result: 6.169170            time: 6.16917
# Experiment: 912     config: 4087    instance: 912     result: 5.265300            time: 5.26530
# Experiment: 881     config: 4087    instance: 881     result: 16.312600           time: 16.31260
# Experiment: 921     config: 4087    instance: 921     result: 3.803290            time: 3.80329
# Experiment: 920     config: 4087    instance: 920     result: 2.515150            time: 2.51515
# Experiment: 923     config: 4087    instance: 923     result: 2.701600            time: 2.70160
# Experiment: 907     config: 4087    instance: 907     result: 11.655000           time: 11.65500
# Experiment: 927     config: 4087    instance: 927     result: 2.465160            time: 2.46516
# Experiment: 900     config: 4087    instance: 900     result: 12.322500           time: 12.32250
# Experiment: 930     config: 4087    instance: 930     result: 3.936070            time: 3.93607
# Experiment: 924     config: 4087    instance: 924     result: 5.204220            time: 5.20422
# Experiment: 922     config: 4087    instance: 922     result: 6.037230            time: 6.03723
# Experiment: 935     config: 4087    instance: 935     result: 4.741460            time: 4.74146
# Experiment: 918     config: 4087    instance: 918     result: 8.452380            time: 8.45238
# Experiment: 942     config: 4087    instance: 942     result: 3.858320            time: 3.85832
# Experiment: 925     config: 4087    instance: 925     result: 6.066560            time: 6.06656
# Experiment: 929     config: 4087    instance: 929     result: 4.730410            time: 4.73041
# Experiment: 934     config: 4087    instance: 934     result: 7.200530            time: 7.20053
# Experiment: 937     config: 4087    instance: 937     result: 3.855620            time: 3.85562
# Experiment: 936     config: 4087    instance: 936     result: 5.459650            time: 5.45965
# Experiment: 933     config: 4087    instance: 933     result: 5.094200            time: 5.09420
# Experiment: 945     config: 4087    instance: 945     result: 4.154040            time: 4.15404
# Experiment: 941     config: 4087    instance: 941     result: 5.916140            time: 5.91614
# Experiment: 940     config: 4087    instance: 940     result: 4.434410            time: 4.43441
# Experiment: 932     config: 4087    instance: 932     result: 8.321260            time: 8.32126
# Experiment: 946     config: 4087    instance: 946     result: 4.076350            time: 4.07635
# Experiment: 948     config: 4087    instance: 948     result: 5.480530            time: 5.48053
# Experiment: 914     config: 4087    instance: 914     result: 14.737000           time: 14.73700
# Experiment: 949     config: 4087    instance: 949     result: 5.766370            time: 5.76637
# Experiment: 947     config: 4087    instance: 947     result: 5.135120            time: 5.13512
# Experiment: 944     config: 4087    instance: 944     result: 8.412960            time: 8.41296
# Experiment: 938     config: 4087    instance: 938     result: 6.494900            time: 6.49490
# Experiment: 926     config: 4087    instance: 926     result: 12.765200           time: 12.76520
# Experiment: 943     config: 4087    instance: 943     result: 5.865730            time: 5.86573
# Experiment: 939     config: 4087    instance: 939     result: 7.689370            time: 7.68937
# Experiment: 954     config: 4087    instance: 954     result: 4.329890            time: 4.32989
# Experiment: 953     config: 4087    instance: 953     result: 3.632700            time: 3.63270
# Experiment: 952     config: 4087    instance: 952     result: 5.972490            time: 5.97249
# Experiment: 957     config: 4087    instance: 957     result: 6.713210            time: 6.71321
# Experiment: 960     config: 4087    instance: 960     result: 2.902910            time: 2.90291
# Experiment: 962     config: 4087    instance: 962     result: 3.336960            time: 3.33696
# Experiment: 931     config: 4087    instance: 931     result: 19.945300           time: 19.94530
# Experiment: 959     config: 4087    instance: 959     result: 6.628020            time: 6.62802
# Experiment: 964     config: 4087    instance: 964     result: 3.954030            time: 3.95403
# Experiment: 956     config: 4087    instance: 956     result: 8.525320            time: 8.52532
# Experiment: 963     config: 4087    instance: 963     result: 5.595960            time: 5.59596
# Experiment: 950     config: 4087    instance: 950     result: 16.934100           time: 16.93410
# Experiment: 966     config: 4087    instance: 966     result: 5.084760            time: 5.08476
# Experiment: 951     config: 4087    instance: 951     result: 15.883100           time: 15.88310
# Experiment: 967     config: 4087    instance: 967     result: 3.280510            time: 3.28051
# Experiment: 928     config: 4087    instance: 928     result: 20.472100           time: 20.47210
# Experiment: 955     config: 4087    instance: 955     result: 10.046900           time: 10.04690
# Experiment: 973     config: 4087    instance: 973     result: 4.984010            time: 4.98401
# Experiment: 975     config: 4087    instance: 975     result: 4.985280            time: 4.98528
# Experiment: 980     config: 4087    instance: 980     result: 3.720470            time: 3.72047
# Experiment: 977     config: 4087    instance: 977     result: 3.961230            time: 3.96123
# Experiment: 978     config: 4087    instance: 978     result: 9.004730            time: 9.00473
# Experiment: 981     config: 4087    instance: 981     result: 3.262380            time: 3.26238
# Experiment: 979     config: 4087    instance: 979     result: 5.134590            time: 5.13459
# Experiment: 958     config: 4087    instance: 958     result: 13.074500           time: 13.07450
# Experiment: 976     config: 4087    instance: 976     result: 4.365650            time: 4.36565
# Experiment: 974     config: 4087    instance: 974     result: 3.694180            time: 3.69418
# Experiment: 971     config: 4087    instance: 971     result: 4.260560            time: 4.26056
# Experiment: 965     config: 4087    instance: 965     result: 8.062590            time: 8.06259
# Experiment: 972     config: 4087    instance: 972     result: 4.811640            time: 4.81164
# Experiment: 970     config: 4087    instance: 970     result: 5.733850            time: 5.73385
# Experiment: 968     config: 4087    instance: 968     result: 6.040100            time: 6.04010
# Experiment: 992     config: 4087    instance: 992     result: 2.086650            time: 2.08665
# Experiment: 983     config: 4087    instance: 983     result: 4.485720            time: 4.48572
# Experiment: 989     config: 4087    instance: 989     result: 4.642040            time: 4.64204
# Experiment: 982     config: 4087    instance: 982     result: 11.917000           time: 11.91700
# Experiment: 991     config: 4087    instance: 991     result: 2.343190            time: 2.34319
# Experiment: 986     config: 4087    instance: 986     result: 5.596230            time: 5.59623
# Experiment: 988     config: 4087    instance: 988     result: 3.831000            time: 3.83100
# Experiment: 985     config: 4087    instance: 985     result: 4.453170            time: 4.45317
# Experiment: 984     config: 4087    instance: 984     result: 4.736360            time: 4.73636
# Experiment: 961     config: 4087    instance: 961     result: 15.808100           time: 15.80810
# Experiment: 994     config: 4087    instance: 994     result: 1.995080            time: 1.99508
# Experiment: 987     config: 4087    instance: 987     result: 6.403840            time: 6.40384
# Experiment: 969     config: 4087    instance: 969     result: 17.775400           time: 17.77540
# Experiment: 997     config: 4087    instance: 997     result: 3.302250            time: 3.30225
# Experiment: 993     config: 4087    instance: 993     result: 4.264570            time: 4.26457
# Experiment: 1000    config: 4087    instance: 1000    result: 4.377460            time: 4.37746
# Experiment: 996     config: 4087    instance: 996     result: 6.167710            time: 6.16771
# Experiment: 995     config: 4087    instance: 995     result: 8.784490            time: 8.78449
# Experiment: 999     config: 4087    instance: 999     result: 9.936930            time: 9.93693
# Experiment: 998     config: 4087    instance: 998     result: 8.264490            time: 8.26449
# Experiment: 990     config: 4087    instance: 990     result: 15.462800           time: 15.46280
Before closing
Pool closed
Master stopped
Shutdown complete
Stopped
